coin_id,trade_time,price,market_cap,volume
BTC,2024-09-07 00:00:00,53923.35611071905,1065462041080.5197,50260816556.81667
BTC,2024-09-08 00:00:00,54150.9383589072,1068954727890.2039,17048448412.007126
BTC,2024-09-09 00:00:00,54792.40755768575,1085390277573.522,18644823662.23431
BTC,2024-09-10 00:00:00,57049.118751143265,1126840069631.8132,35655419448.07046
BTC,2024-09-11 00:00:00,57624.16178336144,1137928777838.5286,29676093302.30697
BTC,2024-09-12 00:00:00,57381.764445000474,1134292554478.847,37765652735.2964
BTC,2024-09-13 00:00:00,58106.951229815284,1148469900814.253,34177859933.02337
BTC,2024-09-14 00:00:00,60620.62747295754,1197832322916.0117,31919740723.76027
BTC,2024-09-15 00:00:00,60003.29940083042,1185255944124.8464,15800120841.166773
BTC,2024-09-16 00:00:00,59214.80226801806,1169677517083.0613,17289597542.866756
BTC,2024-09-17 00:00:00,58211.123231286256,1150499194409.9338,32196570894.402115
BTC,2024-09-18 00:00:00,60317.0319794625,1191818552363.6113,34191170117.78261
BTC,2024-09-19 00:00:00,61440.41208494509,1211837853548.9263,40445339415.1129
BTC,2024-09-20 00:00:00,62966.52931910512,1243871590271.4927,41959080716.28771
BTC,2024-09-21 00:00:00,63128.224540748255,1246475981189.1353,35587830476.533394
BTC,2024-09-22 00:00:00,63403.402349259355,1254104417392.48,12938083115.659332
BTC,2024-09-23 00:00:00,63582.59956924825,1255899286380.1958,20349365412.816723
BTC,2024-09-24 00:00:00,63327.02654450202,1251095079247.0432,23998847798.757656
BTC,2024-09-25 00:00:00,64334.14274876097,1271183646356.5713,31490984593.70592
BTC,2024-09-26 00:00:00,63151.89959401337,1245721254991.302,26087643765.748165
BTC,2024-09-27 00:00:00,65130.76884023231,1287151352432.846,37995568903.94455
BTC,2024-09-28 00:00:00,65791.00212541742,1299708226182.0723,32664917503.931107
BTC,2024-09-29 00:00:00,65934.10709441357,1303217687717.8518,15342911002.84781
BTC,2024-09-30 00:00:00,65663.68986662335,1297825615076.3352,12948707838.938381
BTC,2024-10-01 00:00:00,63243.27532464382,1249577803402.1707,35124446789.27111
BTC,2024-10-02 00:00:00,60872.668543725544,1202927109017.5488,54251488433.95029
BTC,2024-10-03 00:00:00,60655.55979196848,1198652098493.4897,41870731291.86736
BTC,2024-10-04 00:00:00,60727.86395169296,1200491237695.5154,37711138441.76231
BTC,2024-10-05 00:00:00,62103.01047283253,1226663492771.043,30349059838.684578
BTC,2024-10-06 00:00:00,62091.932585194016,1226761949791.163,11095453162.990673
BTC,2024-10-07 00:00:00,62811.79972811266,1241834324867.657,14592422860.685436
BTC,2024-10-08 00:00:00,62287.39010510681,1231091696620.0955,33878876147.30253
BTC,2024-10-09 00:00:00,62185.230423727575,1229717180592.4397,28626429276.55382
BTC,2024-10-10 00:00:00,60597.15045618275,1197736450280.4102,28530748117.898792
BTC,2024-10-11 00:00:00,60195.18073772453,1189691671375.1472,29481971885.649742
BTC,2024-10-12 00:00:00,62392.34048293159,1233357176570.333,32008659336.482643
BTC,2024-10-13 00:00:00,63207.77062127557,1249002272717.2275,17665963646.417107
BTC,2024-10-14 00:00:00,62829.533686088886,1241241970951.0295,16784552979.060463
BTC,2024-10-15 00:00:00,66049.99492708022,1306085613997.8015,46553796134.14602
BTC,2024-10-16 00:00:00,66962.21994496793,1323774576161.621,51797932876.82809
BTC,2024-10-17 00:00:00,67647.54414766871,1337304399194.887,40640495380.19594
BTC,2024-10-18 00:00:00,67328.10527002988,1330387728623.8188,34512072357.92087
BTC,2024-10-19 00:00:00,68465.61920668735,1353541799303.4875,39984956633.228035
BTC,2024-10-20 00:00:00,68388.87128965274,1351942347611.1997,14110889435.452631
BTC,2024-10-21 00:00:00,68962.82918045693,1362381684459.9053,17253863432.786995
BTC,2024-10-22 00:00:00,67394.85775735618,1332326858574.4448,40485496091.95008
BTC,2024-10-23 00:00:00,67351.04793512498,1331426858508.4004,31398389967.38113
BTC,2024-10-24 00:00:00,66683.96806542306,1318285437546.2786,32676918488.059
BTC,2024-10-25 00:00:00,68214.05205157402,1347888109010.5889,35892606570.03549
BTC,2024-10-26 00:00:00,66585.66535501445,1313975091942.221,48426924850.053406
BTC,2024-10-27 00:00:00,67018.1650170265,1325192118637.2595,21169467789.89267
BTC,2024-10-28 00:00:00,67938.55412885673,1343350549900.1233,16533385730.434193
BTC,2024-10-29 00:00:00,69845.304531169,1380874923096.4146,41990540384.96554
BTC,2024-10-30 00:00:00,72781.11308158132,1439310420089.3665,65487782004.97014
BTC,2024-10-31 00:00:00,72342.62171127986,1431085552900.1965,43498144313.67304
BTC,2024-11-01 00:00:00,70264.99735573279,1390195908292.9321,45907074188.570145
BTC,2024-11-02 00:00:00,69507.92256395647,1374687306836.925,54863092261.31101
BTC,2024-11-03 00:00:00,69299.16036699413,1370516856365.7996,14709379754.965973
BTC,2024-11-04 00:00:00,68803.50626277467,1362302032218.0198,37659435506.757034
BTC,2024-11-05 00:00:00,67793.29782704762,1340192510479.9568,46183110993.79166
BTC,2024-11-06 00:00:00,69335.42553133758,1370963795352.6948,40025021601.49395
BTC,2024-11-07 00:00:00,75620.88606963192,1496392703840.9058,128492534668.23851
BTC,2024-11-08 00:00:00,75987.24178320667,1502620808927.6982,66590396087.4524
BTC,2024-11-09 00:00:00,76550.0213845611,1514048743889.1255,50687468387.720375
BTC,2024-11-10 00:00:00,76630.22631415377,1519470275068.1016,31430906055.796104
BTC,2024-11-11 00:00:00,80466.71654833542,1590846468754.067,93473126207.67865
BTC,2024-11-12 00:00:00,88637.42000322911,1756619702929.0437,133959805308.72511
BTC,2024-11-13 00:00:00,88264.59974582895,1741113172482.1243,152356811694.44943
BTC,2024-11-14 00:00:00,90488.10007497849,1790737763695.3328,136046309843.60645
BTC,2024-11-15 00:00:00,87407.51273710128,1726797438787.217,99649391847.08359
BTC,2024-11-16 00:00:00,90947.97509443703,1799276211921.9302,84382485697.84985
BTC,2024-11-17 00:00:00,90606.45489380708,1790415769635.4927,49255174407.368774
BTC,2024-11-18 00:00:00,89841.47194135105,1776887033229.9082,48556083101.64749
BTC,2024-11-19 00:00:00,90534.62459650292,1790917617392.4407,77391724184.19348
BTC,2024-11-20 00:00:00,92251.65240738312,1825195454018.501,80493234958.49161
BTC,2024-11-21 00:00:00,94217.02229634205,1862618759426.145,80747272080.24826
BTC,2024-11-22 00:00:00,98509.11859102432,1948284556982.0486,118163852022.3175
BTC,2024-11-23 00:00:00,98927.49494553401,1958091000957.8345,85746174563.98602
BTC,2024-11-24 00:00:00,97679.46381643033,1931255637661.502,47414200206.70341
BTC,2024-11-25 00:00:00,98015.9355289458,1939446484727.4285,50665680246.86775
BTC,2024-11-26 00:00:00,93004.70093103287,1838788677873.8657,89476321216.0935
BTC,2024-11-27 00:00:00,91931.83077291827,1819990514406.0881,97389239315.52954
BTC,2024-11-28 00:00:00,95981.18057210564,1899088665519.225,81469353259.75
BTC,2024-11-29 00:00:00,95661.59595817851,1892297852304.72,49067932024.40325
BTC,2024-11-30 00:00:00,97453.2473451042,1926826079390.2441,74670031635.5065
BTC,2024-12-01 00:00:00,96513.14234698225,1910022814269.8855,43580019720.720634
BTC,2024-12-02 00:00:00,97311.70719084324,1925808416477.5068,49147687432.565895
BTC,2024-12-03 00:00:00,95833.1362300365,1896576914275.523,101019861361.49252
BTC,2024-12-04 00:00:00,96031.63097759831,1900922167493.3643,87935752287.975
BTC,2024-12-05 00:00:00,98881.4694561823,1957276192604.2603,98230784298.0459
BTC,2024-12-06 00:00:00,97201.50036407741,1920742551503.6094,190460293531.53802
BTC,2024-12-07 00:00:00,99973.85150659826,1978389972043.7947,115812632020.44765
BTC,2024-12-08 00:00:00,99781.82999198174,1974739091620.7542,61061136199.7846
BTC,2024-12-09 00:00:00,101235.3717025316,2003238967638.8286,62677764785.05408
BTC,2024-12-10 00:00:00,97353.94700820887,1926047690157.6282,146846843211.51685
BTC,2024-12-11 00:00:00,96649.71446771531,1913115778728.2837,125835977742.51114
BTC,2024-12-12 00:00:00,101123.61811033697,2001746436338.842,118484957960.76833
BTC,2024-12-13 00:00:00,100000.80836535197,1979166149963.3093,100092043319.81221
BTC,2024-12-14 00:00:00,101352.22971292294,2005406021235.8357,78802903278.85962
BTC,2024-12-15 00:00:00,101367.01064553364,2007646386698.8667,57321924844.41535
BTC,2024-12-16 00:00:00,104721.50151808978,2075487816560.1924,70645074624.52869
BTC,2024-12-17 00:00:00,106074.10723541168,2097460193710.789,115184737759.33566
BTC,2024-12-18 00:00:00,106034.913402645,2100629850064.9119,93417826250.1972
BTC,2024-12-19 00:00:00,100355.5761481501,1985284833093.572,113692025885.44745
BTC,2024-12-20 00:00:00,97851.35377075805,1937022229972.2085,100611554887.24123
BTC,2024-12-21 00:00:00,97691.43431692653,1932373308116.0107,112340864006.62827
BTC,2024-12-22 00:00:00,97202.82496847633,1922768195068.165,53058382639.48845
BTC,2024-12-23 00:00:00,95094.27394862173,1884599149192.4587,44619017105.36954
BTC,2024-12-24 00:00:00,94644.91085464321,1874912975786.6604,64937790292.61125
BTC,2024-12-25 00:00:00,98695.71400782601,1951173788529.116,49169088282.15742
BTC,2024-12-26 00:00:00,99344.95417367229,1966481159354.1177,33963749856.44743
BTC,2024-12-27 00:00:00,95678.31244565405,1894744251986.1084,45049342388.18843
BTC,2024-12-28 00:00:00,94331.94727053077,1867708753554.924,41498540807.666954
BTC,2024-12-29 00:00:00,95184.61945288602,1885556552231.4314,22429850903.940086
BTC,2024-12-30 00:00:00,93663.44751964067,1854872605738.8086,24065314499.502274
BTC,2024-12-31 00:00:00,92627.28213113277,1833188187477.531,57595164139.4709
BTC,2025-01-01 00:00:00,93507.85874741491,1851839954625.13,45327464907.74362
BTC,2025-01-02 00:00:00,94384.1761153871,1869193319140.2422,23275007789.496334
BTC,2025-01-03 00:00:00,96852.14681235075,1917905016063.62,45157338602.617516
BTC,2025-01-04 00:00:00,98084.34279280754,1942834829349.9563,35721645948.10051
BTC,2025-01-05 00:00:00,98256.73876849933,1946611205641.351,20979035420.980793
BTC,2025-01-06 00:00:00,98364.58946599838,1948339898718.8586,20060293834.7155
BTC,2025-01-07 00:00:00,102229.39453189743,2024825178619.8228,46111387334.46171
BTC,2025-01-08 00:00:00,96952.09886774956,1919133187081.3127,60610257147.15405
BTC,2025-01-09 00:00:00,95016.71440989176,1885313354913.7239,65790469838.34392
BTC,2025-01-10 00:00:00,92376.27578346101,1832933628117.9436,65850881574.76184
BTC,2025-01-11 00:00:00,94736.6267420969,1876836759923.398,63433655716.757095
BTC,2025-01-12 00:00:00,94559.55167224213,1874286243377.8525,17836423168.41627
BTC,2025-01-13 00:00:00,94454.77089638807,1870314882306.9236,19608932595.53299
BTC,2025-01-14 00:00:00,94456.3493746993,1870609367804.8223,76328330233.31137
BTC,2025-01-15 00:00:00,96574.07768799194,1912603332624.1123,51241728228.81719
BTC,2025-01-16 00:00:00,100313.15239828422,1986831430651.8647,57637319739.543396
BTC,2025-01-17 00:00:00,100044.57926776377,1980935754458.284,50150102497.2729
BTC,2025-01-18 00:00:00,104160.69358484233,2063854663834.0774,69135117732.00064
BTC,2025-01-19 00:00:00,104334.61575724394,2067151195362.0425,49416447749.13053
BTC,2025-01-20 00:00:00,101275.33714814208,2014842808849.5005,72970313683.92325
BTC,2025-01-21 00:00:00,101764.90860170545,2017837068202.1384,120158523166.88387
BTC,2025-01-22 00:00:00,106182.2368201815,2098829000928.49,95344290057.8965
BTC,2025-01-23 00:00:00,103673.53509537787,2054288661793.9773,55030669602.56557
BTC,2025-01-24 00:00:00,104067.60991206947,2062360759045.0,102455227371.20761
BTC,2025-01-25 00:00:00,104835.19253555956,2076156720642.786,51418786362.7815
BTC,2025-01-26 00:00:00,104796.04077738234,2077647817531.3406,22740744964.719296
BTC,2025-01-27 00:00:00,102552.24874280207,2036324005947.406,20639818380.26942
BTC,2025-01-28 00:00:00,101958.46953745594,2019295541213.5288,93191643783.24739
BTC,2025-01-29 00:00:00,101313.11264498268,2007072201507.5273,45780526813.56264
BTC,2025-01-30 00:00:00,103718.97939813645,2056581551171.7,47425401641.53094
BTC,2025-01-31 00:00:00,104781.5135100103,2076760153260.6191,42122570869.034325
BTC,2025-02-01 00:00:00,102382.39409722165,2028504133577.489,37187819228.35328
BTC,2025-02-02 00:00:00,100674.78762544956,1996423711261.7268,22827776122.48367
BTC,2025-02-03 00:00:00,97568.31653024875,1933691439792.2544,59784234332.21204
BTC,2025-02-04 00:00:00,101466.8606657039,2011121374511.8835,122163969235.23686
BTC,2025-02-05 00:00:00,98118.43921664466,1943535291172.1597,73196693057.98114
BTC,2025-02-06 00:00:00,96582.88682919052,1912584628590.309,48848958931.79228
BTC,2025-02-07 00:00:00,96635.41875332211,1915093756057.5637,44462180396.172516
BTC,2025-02-08 00:00:00,96558.4563096667,1911296376425.356,57077722340.22422
BTC,2025-02-09 00:00:00,96558.23762501091,1914211835440.1182,20760850644.84597
BTC,2025-02-10 00:00:00,96548.57865379585,1913068773356.083,25457107581.051964
BTC,2025-02-11 00:00:00,97399.98161383197,1930742951090.367,37054987393.57789
BTC,2025-02-12 00:00:00,95739.97737079239,1898788887978.3252,36454577154.5622
BTC,2025-02-13 00:00:00,97836.18856127483,1936842454813.9983,47115618235.19051
BTC,2025-02-14 00:00:00,96561.6639990985,1914315097486.3862,29084371910.690556
BTC,2025-02-15 00:00:00,97488.48148536457,1931656846871.4856,32289906944.92862
BTC,2025-02-16 00:00:00,97569.95169430465,1934308378710.2861,14215311318.346336
BTC,2025-02-17 00:00:00,96149.3484548204,1905012222220.3691,13634794998.739267
BTC,2025-02-18 00:00:00,95776.15723852723,1898997753781.9536,25324374113.08163
BTC,2025-02-19 00:00:00,95495.89153299287,1892702154844.508,38311133144.729355
BTC,2025-02-20 00:00:00,96554.87156259285,1914337919659.5537,27703222487.389572
BTC,2025-02-21 00:00:00,98384.31738240314,1950376106325.3228,24175261969.81266
BTC,2025-02-22 00:00:00,96135.15541305285,1906058197506.3809,42477472950.92155
BTC,2025-02-23 00:00:00,96564.15414290235,1915260330870.798,18464415570.762142
BTC,2025-02-24 00:00:00,96327.46309127835,1909625674815.4763,16643044374.983364
BTC,2025-02-25 00:00:00,91396.76686930266,1814176779160.4363,45539703844.38777
BTC,2025-02-26 00:00:00,88755.7693356979,1759750360550.3337,96742453402.56294
BTC,2025-02-27 00:00:00,83900.11496524839,1664314955447.7466,69277430795.68657
BTC,2025-02-28 00:00:00,84709.14477847965,1679555320077.2097,81960688217.70384
BTC,2025-03-01 00:00:00,84441.9012237131,1674754437110.342,80695237175.07367
BTC,2025-03-02 00:00:00,86005.25629681018,1705564098300.8237,30634474722.6359
BTC,2025-03-03 00:00:00,94261.53286538439,1868321705444.4878,61859112550.80991
BTC,2025-03-04 00:00:00,86124.71418722175,1708198960874.3418,68715362745.4567
BTC,2025-03-05 00:00:00,87310.80531078295,1731441668069.6523,65863356680.42408
BTC,2025-03-06 00:00:00,90604.08098523637,1797706868227.531,51606642859.81411
BTC,2025-03-07 00:00:00,90001.40087607042,1782785866811.654,47555759124.64708
BTC,2025-03-08 00:00:00,86773.33597555371,1720436931689.2776,63216440874.73251
BTC,2025-03-09 00:00:00,86142.9833586432,1708605516770.228,18809360803.37126
BTC,2025-03-10 00:00:00,80751.13893300897,1602073794580.0344,32013406240.51754
BTC,2025-03-11 00:00:00,78783.94057934263,1563547150147.7332,49983692766.22745
BTC,2025-03-12 00:00:00,82799.1080292053,1642997419531.6057,56404462275.083046
BTC,2025-03-13 00:00:00,83884.24578828987,1662502658717.542,41782186208.59073
BTC,2025-03-14 00:00:00,81098.90052436228,1608477373718.186,32583592654.882656
BTC,2025-03-15 00:00:00,83971.70916064628,1665725559905.8198,28571483950.074646
BTC,2025-03-16 00:00:00,84391.69087647168,1674173293916.4658,10761796127.312485
BTC,2025-03-17 00:00:00,82610.61750343916,1638672153483.722,21638031633.118767
BTC,2025-03-18 00:00:00,84075.36559694471,1667799227887.438,19659366246.596867
BTC,2025-03-19 00:00:00,82780.03048688271,1642578274105.806,24557570268.85276
BTC,2025-03-20 00:00:00,86815.44109470697,1721565138141.278,33871216993.304657
BTC,2025-03-21 00:00:00,84270.84358966233,1672550706502.8184,27579127651.06656
BTC,2025-03-22 00:00:00,84009.532917822,1666749159154.2927,18091004975.919056
BTC,2025-03-23 00:00:00,83793.30854192551,1662574363663.653,7771134681.982918
BTC,2025-03-24 00:00:00,85787.70914901773,1702009594329.4495,12617587530.619724
BTC,2025-03-25 00:00:00,87327.72969669085,1732715331970.134,27270889835.1835
BTC,2025-03-26 00:00:00,87520.58391530563,1735368473904.4885,30351832942.705593
BTC,2025-03-27 00:00:00,86960.8555491039,1724854479045.6724,25522877558.700558
BTC,2025-03-28 00:00:00,87227.27158032371,1729729987159.4822,24620445368.489468
BTC,2025-03-29 00:00:00,84359.46915506005,1673182800974.1038,31674486232.097313
BTC,2025-03-30 00:00:00,82679.17255385047,1640665503855.1438,16837439419.924389
BTC,2025-03-31 00:00:00,82356.38111183756,1633996304187.2593,13428975108.070734
BTC,2025-04-01 00:00:00,82514.09365397849,1635076581047.3545,30326148749.91535
BTC,2025-04-02 00:00:00,85237.5876052852,1690602036035.04,29172899851.734768
BTC,2025-04-03 00:00:00,82526.4221526433,1637358764747.381,46332905657.77597
BTC,2025-04-04 00:00:00,83163.98757387721,1652537223074.958,36594464539.14662
BTC,2025-04-05 00:00:00,83852.00765399594,1664234880198.049,35647289400.47406
BTC,2025-04-06 00:00:00,83595.88550177493,1656020067997.187,14910400035.531416
BTC,2025-04-07 00:00:00,78211.48358199988,1555325260787.2627,36140377231.68329
BTC,2025-04-08 00:00:00,79179.29226757778,1581407565278.352,82909748172.59216
BTC,2025-04-09 00:00:00,76329.090356324,1515042499757.3254,47812787635.22632
BTC,2025-04-10 00:00:00,82622.17029546302,1640567909122.172,87408220482.11568
BTC,2025-04-11 00:00:00,79596.35732250768,1580023209138.0547,41213520154.25157
BTC,2025-04-12 00:00:00,83439.28818043756,1655868880454.1702,39813566443.76779
BTC,2025-04-13 00:00:00,85305.09728392666,1693600655371.0874,22428929482.069122
BTC,2025-04-14 00:00:00,83600.82010054543,1658923208081.8682,28731125717.934357
BTC,2025-04-15 00:00:00,84523.4524914945,1677843510120.269,33155578229.343513
BTC,2025-04-16 00:00:00,83656.49248858042,1660749023283.0562,25084671427.622566
BTC,2025-04-17 00:00:00,84105.77942167096,1670497569762.047,26948109141.803364
BTC,2025-04-18 00:00:00,84930.90857600998,1686226810049.1836,19323821375.14309
BTC,2025-04-19 00:00:00,84433.75017215389,1676373197914.5117,9550691272.782005
BTC,2025-04-20 00:00:00,85126.66244301842,1690090596771.3958,12635983530.804455
BTC,2025-04-21 00:00:00,85073.16544858096,1689008667806.3804,12625843856.313684
BTC,2025-04-22 00:00:00,87452.04699068287,1735703747771.06,40070025414.28289
BTC,2025-04-23 00:00:00,93576.16588573981,1858587811717.8286,53841992235.36636
BTC,2025-04-24 00:00:00,93605.45230873208,1858660302322.256,39901515879.65954
BTC,2025-04-25 00:00:00,93872.81422867288,1864298110563.3408,30031246761.093452
BTC,2025-04-26 00:00:00,94773.11200643536,1882121595175.8462,39336184715.04292
BTC,2025-04-27 00:00:00,94644.06637120107,1879131951239.1846,15445392739.787264
BTC,2025-04-28 00:00:00,93809.33781968223,1862772247122.064,15926259371.057959
BTC,2025-04-29 00:00:00,95030.60645474444,1887067388174.3481,31913814736.53902
BTC,2025-04-30 00:00:00,94256.35946318062,1870818389258.4038,25882629766.278946
BTC,2025-05-01 00:00:00,94235.75331048167,1871350362569.0933,26541700309.366146
BTC,2025-05-02 00:00:00,96426.94522273027,1914884389769.3945,30207566405.468834
BTC,2025-05-03 00:00:00,96855.5681343944,1923251765866.1472,23276376191.483967
BTC,2025-05-04 00:00:00,95922.86842404422,1904894886394.57,13797554863.642815
BTC,2025-05-05 00:00:00,94326.62048529249,1872812442453.0322,14903122945.616686
BTC,2025-05-06 00:00:00,94758.8237105546,1882511286487.958,24086456278.203846
BTC,2025-05-07 00:00:00,96854.53198815876,1923643840814.599,23348052607.071873
BTC,2025-05-08 00:00:00,97026.49376966801,1927134557858.269,64376174032.08048
BTC,2025-05-09 00:00:00,103076.27555512934,2047883753852.6929,50020047720.65604
BTC,2025-05-10 00:00:00,102962.54045692299,2045046445523.5242,40800894903.23446
BTC,2025-05-11 00:00:00,104630.8792994166,2077132539531.3464,21558992540.042442
BTC,2025-05-12 00:00:00,103994.061616746,2065659960471.3655,27389436049.454792
BTC,2025-05-13 00:00:00,102876.8304286011,2044347271866.1707,43090605819.36596
BTC,2025-05-14 00:00:00,104184.49039270742,2069356072124.024,33861432519.50822
BTC,2025-05-15 00:00:00,103594.42575090709,2057798367292.5637,28398245846.798244
BTC,2025-05-16 00:00:00,103708.85136423641,2060142559914.034,31823340473.339912
BTC,2025-05-17 00:00:00,103556.03493982446,2057725640290.0767,25887953182.14765
BTC,2025-05-18 00:00:00,103212.36483885496,2050318521477.805,18950056010.479057
BTC,2025-05-19 00:00:00,106030.6376831359,2104889720872.8306,30744060179.802963
BTC,2025-05-20 00:00:00,105629.41580436694,2098485415895.0496,43339734153.75087
BTC,2025-05-21 00:00:00,106786.71995834043,2121778617273.821,36393687094.25122
BTC,2025-05-22 00:00:00,109665.86371625263,2178838967665.505,60722883113.84
BTC,2025-05-23 00:00:00,111560.356938144,2214712145787.249,52218408239.45193
BTC,2025-05-24 00:00:00,107216.66856870624,2131595896624.4407,49251745837.96465
BTC,2025-05-25 00:00:00,107831.36374380375,2142540077685.2197,27128230116.517162
BTC,2025-05-26 00:00:00,108861.81037744327,2163072841533.6133,29652659665.048733
BTC,2025-05-27 00:00:00,109377.71513263129,2173059855839.4187,27950577137.918888
BTC,2025-05-28 00:00:00,109068.45694901445,2167551887130.0073,38978783508.88622
BTC,2025-05-29 00:00:00,107838.18431100152,2143342706888.307,29794278037.284946
BTC,2025-05-30 00:00:00,105745.41660358038,2101348752694.3137,38279231892.56757
BTC,2025-05-31 00:00:00,104010.91956242644,2066830946978.0637,39680060337.610214
BTC,2025-06-01 00:00:00,104687.50742934884,2080467809295.7695,20432694555.09522
BTC,2025-06-02 00:00:00,105710.00593822816,2101178071590.9749,17721500507.53389
BTC,2025-06-03 00:00:00,105884.74263221149,2104229403094.936,26313843058.73954
BTC,2025-06-04 00:00:00,105434.47745144971,2095294001281.4797,25925661121.080395
BTC,2025-06-05 00:00:00,104812.9182188067,2083148839111.2068,25812143562.797962
BTC,2025-06-06 00:00:00,101650.7387545425,2020294099992.3677,39711941132.0234
BTC,2025-06-07 00:00:00,104409.74967959142,2075175500201.4253,29897390978.090103
BTC,2025-06-08 00:00:00,105681.4546141758,2100553336902.5076,17749731308.73042
BTC,2025-06-09 00:00:00,105692.24740699006,2100654769399.4705,16044679696.270103
BTC,2025-06-10 00:00:00,110261.57485948496,2191877481230.9468,38222993297.50514
BTC,2025-06-11 00:00:00,110212.73252109604,2189350055406.3333,36303839182.734825
BTC,2025-06-12 00:00:00,108679.9760916168,2159529375273.4956,30338936631.626648
BTC,2025-06-13 00:00:00,105979.22902375912,2107911943768.2988,35865159511.38857
BTC,2025-06-14 00:00:00,106045.56440819203,2107973087547.7922,49471015505.74361
BTC,2025-06-15 00:00:00,105482.90611628917,2097486541223.27,17916412455.866283
BTC,2025-06-16 00:00:00,105554.49383061715,2098499110552.6216,16568441852.649668
BTC,2025-06-17 00:00:00,106951.2720181497,2127895470544.7178,32095957011.724205
BTC,2025-06-18 00:00:00,104683.42479835715,2080968120976.949,38603212010.889435
BTC,2025-06-19 00:00:00,104722.695052907,2081677732261.6853,30339326410.154945
BTC,2025-06-20 00:00:00,104690.65002458123,2081355279873.408,18063282658.152298
BTC,2025-06-21 00:00:00,103290.105144757,2054120245608.2085,30632751225.407444
BTC,2025-06-22 00:00:00,101532.5683847329,2017415966695.5278,21644463198.719532
BTC,2025-06-23 00:00:00,100852.58264648831,2005179769771.7349,51287142390.02526
BTC,2025-06-24 00:00:00,105511.62437933135,2097741233586.5918,50011797128.6837
BTC,2025-06-25 00:00:00,105976.06929808448,2107110352429.8032,31704641076.941063
BTC,2025-06-26 00:00:00,107238.53045016268,2132141147369.0017,30468274982.034847
BTC,2025-06-27 00:00:00,106984.01253775663,2127292099754.93,24320699663.15122
BTC,2025-06-28 00:00:00,107078.91560644074,2129020567385.9595,25194306261.888832
BTC,2025-06-29 00:00:00,107331.58548463577,2134239999929.6584,8960877693.57604
BTC,2025-06-30 00:00:00,108396.61631317894,2155183166489.813,14881078675.366829
BTC,2025-07-01 00:00:00,107132.79910701896,2130471589191.581,22489515582.41552
BTC,2025-07-02 00:00:00,105613.39974163055,2100087563077.9324,25033160828.30909
BTC,2025-07-03 00:00:00,108824.44423167943,2163835371770.0977,36395184773.06136
BTC,2025-07-04 00:00:00,109602.20483914016,2179664531219.9346,29892049537.628605
BTC,2025-07-05 00:00:00,108040.8919400104,2148601712907.3433,24248906784.57383
BTC,2025-07-06 00:00:00,108217.46849992426,2152344091389.654,10042942280.966904
BTC,2025-07-07 00:00:00,109215.19771840284,2171497503296.0474,14638669497.351297
BTC,2025-07-08 00:00:00,108300.71675785031,2153777588647.4504,25493246475.80407
BTC,2025-07-09 00:00:00,108953.19187727802,2167049398056.7417,20488865138.27645
BTC,2025-07-10 00:00:00,111327.53054245669,2215210888568.426,37078460440.66385
BTC,2025-07-11 00:00:00,115879.65030112496,2303292356999.7437,56204086624.04028
BTC,2025-07-12 00:00:00,117571.02510036016,2338612196961.7437,64185145923.88688
BTC,2025-07-13 00:00:00,117418.95745007684,2335485977830.673,24351256098.393543
BTC,2025-07-14 00:00:00,119117.55666327637,2369050366835.5605,27310851454.97692
BTC,2025-07-15 00:00:00,119833.67446712355,2383825813673.847,68915956378.80447
BTC,2025-07-16 00:00:00,117678.19493404306,2341223394839.9204,80299520980.2335
BTC,2025-07-17 00:00:00,118748.1627367753,2363194640209.576,50374263848.76278
BTC,2025-07-18 00:00:00,119445.36520434043,2376237382764.3013,49282617205.72662
BTC,2025-07-19 00:00:00,117988.94664455787,2347165317624.536,58896449260.69391
BTC,2025-07-20 00:00:00,117901.62655900871,2345398337785.541,23934511126.349533
BTC,2025-07-21 00:00:00,117256.9208222684,2333757287859.664,36702153882.06748
BTC,2025-07-22 00:00:00,117482.46977767294,2337365497467.1313,46344384345.39471
BTC,2025-07-23 00:00:00,119955.79570607653,2387516761560.4927,58939000420.94166
BTC,2025-07-24 00:00:00,118629.05588130427,2359931875300.5244,45225685167.61703
BTC,2025-07-25 00:00:00,118354.43517438594,2354764508342.9937,51940414419.3327
BTC,2025-07-26 00:00:00,117540.80837085741,2338855554998.7812,91617702596.10347
BTC,2025-07-27 00:00:00,117959.54234360624,2346959472845.027,25145925063.881348
BTC,2025-07-28 00:00:00,119418.91405141471,2376524838793.0137,30220402191.467663
BTC,2025-07-29 00:00:00,118003.30201607826,2349472897426.4688,43433742203.62158
BTC,2025-07-30 00:00:00,117853.30892863822,2345126504020.1143,42860287143.68828
BTC,2025-07-31 00:00:00,117833.24087995925,2343717963709.7124,43054424656.58649
BTC,2025-08-01 00:00:00,115700.00243915782,2302199162425.1206,45238249453.35885
BTC,2025-08-02 00:00:00,113234.6051343189,2253609880959.403,65794680822.25255
BTC,2025-08-03 00:00:00,112554.90232221723,2240413983638.112,33543439044.09785
BTC,2025-08-04 00:00:00,114199.10966460757,2272802075267.0376,24689273719.085533
BTC,2025-08-05 00:00:00,115138.68613070177,2292395156144.1514,32488023582.82734
BTC,2025-08-06 00:00:00,114128.35408881678,2271583255077.356,37316213251.97167
BTC,2025-08-07 00:00:00,115022.09576830892,2289295036528.6577,32052509631.058872
BTC,2025-08-08 00:00:00,117463.47451085235,2337732858703.5435,38289687095.00489
BTC,2025-08-09 00:00:00,116688.36663186055,2323026541073.3213,33017415812.97353
BTC,2025-08-10 00:00:00,116510.08393213755,2318815857401.68,27638785406.21056
BTC,2025-08-11 00:00:00,119266.92516880555,2374097296837.8896,37157754754.85189
BTC,2025-08-12 00:00:00,118773.79960860992,2364060561672.9995,61739781527.95854
BTC,2025-08-13 00:00:00,120202.53485503166,2392854421745.6157,46941089789.57991
BTC,2025-08-14 00:00:00,123560.99363577305,2458895200752.567,61818118105.53991
BTC,2025-08-15 00:00:00,118405.59579823953,2360043737045.272,73822008367.99681
BTC,2025-08-16 00:00:00,117339.79190213277,2335290383260.173,44268714220.021
BTC,2025-08-17 00:00:00,117501.21653394958,2339465736068.208,23202714236.542347
BTC,2025-08-18 00:00:00,117542.83687778088,2340648324181.828,20906566026.645443
BTC,2025-08-19 00:00:00,116256.41276740946,2313556987528.4634,47337926940.98573
BTC,2025-08-20 00:00:00,112778.34483555844,2245419916215.7417,46156885037.403885
BTC,2025-08-21 00:00:00,114252.39755195397,2274471285844.184,42166369117.006935
BTC,2025-08-22 00:00:00,112414.39987336512,2238121481749.57,32048202090.65466
BTC,2025-08-23 00:00:00,116834.24948202295,2326174803320.612,50878158870.82928
BTC,2025-08-24 00:00:00,115359.98346714744,2296786080139.701,27306719885.257973
BTC,2025-08-25 00:00:00,113399.54847314971,2259663171125.389,40682656776.69001
BTC,2025-08-26 00:00:00,110185.35443900425,2194453712375.598,52854872363.936554
BTC,2025-08-27 00:00:00,111842.70999260596,2227025695775.593,43023800053.0546
BTC,2025-08-28 00:00:00,111216.08479629169,2215255294289.9937,36957904262.995804
BTC,2025-08-29 00:00:00,112525.59740669793,2239422945686.892,34222495087.206894
BTC,2025-08-30 00:00:00,108480.30666639366,2160278651486.2852,51702115726.38959
BTC,2025-08-31 00:00:00,108781.95727925687,2166165747945.1812,27799981330.792213
BTC,2025-09-01 00:00:00,108253.36092385623,2155694976689.5986,26140904019.246822
BTC,2025-09-02 00:00:00,109162.68557992298,2174100506466.4321,42999610648.39302
BTC,2025-09-03 00:00:00,111190.18209845416,2212595221503.454,50235464642.845955
BTC,2025-09-04 00:00:00,111711.51977725117,2225365905592.233,36406080683.42747
BTC,2025-09-05 00:00:00,110724.736377486,2204051936301.3257,38708366685.43147
BTC,2025-09-06 00:00:00,110662.18112628513,2204045604630.5625,56020470627.40665
BTC,2025-09-06 06:29:21,110780.16854211016,2205313143818.0986,52797051334.61324
ETH,2024-09-07 00:00:00,2223.780428382685,267574522057.00296,26087934661.284035
ETH,2024-09-08 00:00:00,2272.6972849951912,273350308345.93225,10405191111.340616
ETH,2024-09-09 00:00:00,2296.4029520764498,276344419515.7602,9844980386.825493
ETH,2024-09-10 00:00:00,2359.565766831627,284026097136.9972,15874675673.552357
ETH,2024-09-11 00:00:00,2389.4740111256497,287422889605.8082,12508388687.122387
ETH,2024-09-12 00:00:00,2342.9639236941434,282041230807.9828,14692963988.99108
ETH,2024-09-13 00:00:00,2362.300238174588,284255194234.77527,11610780893.077023
ETH,2024-09-14 00:00:00,2445.08621032297,294131761890.3451,13122792869.978857
ETH,2024-09-15 00:00:00,2418.0828083179904,290912717943.81995,7248493705.268602
ETH,2024-09-16 00:00:00,2322.6433317480564,279257769574.61383,9361948332.945747
ETH,2024-09-17 00:00:00,2295.1348386540835,276339513490.21936,16629103878.54157
ETH,2024-09-18 00:00:00,2341.0924132597524,281704536557.3961,14449511265.93516
ETH,2024-09-19 00:00:00,2361.960992100706,283874122378.3681,17524561761.811428
ETH,2024-09-20 00:00:00,2465.2347833172967,296680606397.51587,17820089225.37694
ETH,2024-09-21 00:00:00,2557.6218555442515,307586864690.1545,18498405459.395584
ETH,2024-09-22 00:00:00,2614.599604753501,315153052833.9301,9276102854.536339
ETH,2024-09-23 00:00:00,2582.847683741262,310840922229.8413,12759588941.97967
ETH,2024-09-24 00:00:00,2647.9931622033255,318666137823.1156,19740370943.835594
ETH,2024-09-25 00:00:00,2653.844345308008,319524635350.52515,16584773336.25631
ETH,2024-09-26 00:00:00,2578.566359563475,309875035203.6359,14003678832.756735
ETH,2024-09-27 00:00:00,2630.94983700893,316828988137.27673,16686162392.966532
ETH,2024-09-28 00:00:00,2698.1928212346033,324681649929.6723,16468123574.12263
ETH,2024-09-29 00:00:00,2680.218702062471,322761939149.4107,9607072594.439383
ETH,2024-09-30 00:00:00,2659.611211611689,320146112155.9396,9570811494.068226
ETH,2024-10-01 00:00:00,2597.3411516834435,312577514239.3695,17539259209.42195
ETH,2024-10-02 00:00:00,2451.631522589772,295243912099.71765,26538568534.282005
ETH,2024-10-03 00:00:00,2365.231040243019,284621591999.18945,20613586399.40693
ETH,2024-10-04 00:00:00,2348.0048369247393,282601960212.3656,18771995105.191242
ETH,2024-10-05 00:00:00,2416.9184055552637,290928251441.44226,15230883994.399237
ETH,2024-10-06 00:00:00,2415.4038137445546,290706276902.6144,7362867897.959902
ETH,2024-10-07 00:00:00,2438.030912544012,293516242471.9333,7641011283.520121
ETH,2024-10-08 00:00:00,2422.7506412955013,291612805733.03143,16943828822.371426
ETH,2024-10-09 00:00:00,2441.4651696200294,294190554781.40424,13601054198.545612
ETH,2024-10-10 00:00:00,2367.615096789395,285084590935.4484,14384326799.317202
ETH,2024-10-11 00:00:00,2381.7817088014776,286552629874.8065,14686776834.298496
ETH,2024-10-12 00:00:00,2435.7137843692162,293162664953.97815,13097241431.234644
ETH,2024-10-13 00:00:00,2477.6130275578225,298282533565.2097,8538997411.470292
ETH,2024-10-14 00:00:00,2466.8607267086663,296977636559.92773,7516544091.44527
ETH,2024-10-15 00:00:00,2628.504376157751,316451494816.54065,21502937840.286705
ETH,2024-10-16 00:00:00,2602.0760435960988,313216116600.22363,21986428173.14599
ETH,2024-10-17 00:00:00,2611.700159182395,314435102932.4304,16135687550.25065
ETH,2024-10-18 00:00:00,2603.1202923346113,313194633306.5954,14330391810.475258
ETH,2024-10-19 00:00:00,2643.156520987104,318245706033.605,16301885114.203026
ETH,2024-10-20 00:00:00,2649.979289580214,318975355966.1185,7337169826.464913
ETH,2024-10-21 00:00:00,2742.9591411600395,330127637903.2564,12697856633.571321
ETH,2024-10-22 00:00:00,2665.731938974013,320871813296.62164,17340865615.868176
ETH,2024-10-23 00:00:00,2619.5653130506435,315286963217.6233,15418370745.51069
ETH,2024-10-24 00:00:00,2524.1038563091197,303758669310.65466,19004341635.326817
ETH,2024-10-25 00:00:00,2536.234041319884,305016120148.3843,16708110976.636312
ETH,2024-10-26 00:00:00,2422.09328922875,290598017399.4684,23734197478.807434
ETH,2024-10-27 00:00:00,2479.3736032443317,298518432454.89374,13434262241.34632
ETH,2024-10-28 00:00:00,2505.502947138879,301656245036.7335,8656317174.654642
ETH,2024-10-29 00:00:00,2564.8138556782997,308760527470.31,19560694034.693996
ETH,2024-10-30 00:00:00,2638.637351278122,317633905084.8851,22541317733.245987
ETH,2024-10-31 00:00:00,2657.6141818494384,320125387602.99,22790792400.863556
ETH,2024-11-01 00:00:00,2514.750787241073,302903644448.69275,20097565241.562813
ETH,2024-11-02 00:00:00,2513.8372870612066,302633410028.4328,20396109310.40712
ETH,2024-11-03 00:00:00,2491.352150058657,299972542553.578,8253307127.229915
ETH,2024-11-04 00:00:00,2456.979687344711,296080479788.81036,14546539750.496363
ETH,2024-11-05 00:00:00,2395.9472139132804,288417039274.4664,17316680977.698635
ETH,2024-11-06 00:00:00,2422.368479855642,291680535424.015,18024855703.904736
ETH,2024-11-07 00:00:00,2720.6217450068793,327447580506.6538,42388106411.06861
ETH,2024-11-08 00:00:00,2894.9718733838376,348640981227.00085,36844374455.9351
ETH,2024-11-09 00:00:00,2960.9593369382137,356482981903.24994,33688997426.40259
ETH,2024-11-10 00:00:00,3130.035524073996,376942816358.42664,30583711140.36284
ETH,2024-11-11 00:00:00,3191.9044555518153,384143201744.36383,47726595161.32535
ETH,2024-11-12 00:00:00,3372.7914863430115,407462829811.2162,62390436438.24982
ETH,2024-11-13 00:00:00,3260.934386131155,392233485413.7434,60074013245.45247
ETH,2024-11-14 00:00:00,3191.8991843987947,384320615296.6757,65592582441.25777
ETH,2024-11-15 00:00:00,3059.812296932496,367484509623.6447,37531565153.535194
ETH,2024-11-16 00:00:00,3093.913043390382,372487751993.49884,33076552515.401417
ETH,2024-11-17 00:00:00,3133.8802234191417,376904025324.19116,26503107468.25979
ETH,2024-11-18 00:00:00,3075.534532601624,370225690651.5099,28547657381.28478
ETH,2024-11-19 00:00:00,3209.4239073326826,386129534586.85486,35364731417.99857
ETH,2024-11-20 00:00:00,3112.9098010150224,374925759373.2606,29767245881.040333
ETH,2024-11-21 00:00:00,3075.193856649331,370266265216.9245,29508936260.346874
ETH,2024-11-22 00:00:00,3365.9369715466096,405284044226.11957,55714132904.97961
ETH,2024-11-23 00:00:00,3327.7571951719624,400787854559.3274,36536922518.79305
ETH,2024-11-24 00:00:00,3394.036961782547,408448492183.1955,42885423857.47691
ETH,2024-11-25 00:00:00,3368.7027619429946,405718851021.4928,30123422893.99126
ETH,2024-11-26 00:00:00,3417.291223691937,411314588853.17755,53625394443.87371
ETH,2024-11-27 00:00:00,3325.636532587645,400706261382.18384,41896722105.13149
ETH,2024-11-28 00:00:00,3666.1884904377557,441632729137.7082,48465294233.32744
ETH,2024-11-29 00:00:00,3579.2407862474997,431207272220.64014,33082767875.13153
ETH,2024-11-30 00:00:00,3598.1933212253616,433361301691.3607,28800628431.21762
ETH,2024-12-01 00:00:00,3709.9094391073327,446851521665.9131,31961998508.230377
ETH,2024-12-02 00:00:00,3708.8072387383017,446664514864.58777,29705280034.459038
ETH,2024-12-03 00:00:00,3643.855375704235,438825980701.30023,49031522663.40944
ETH,2024-12-04 00:00:00,3625.7104579497204,436691206026.36835,39557549415.34987
ETH,2024-12-05 00:00:00,3839.443460715871,462490222624.56714,59744855714.19937
ETH,2024-12-06 00:00:00,3796.8688671601276,457067221118.4413,64995601294.502495
ETH,2024-12-07 00:00:00,4013.726145388712,483422504163.839,55954471926.67034
ETH,2024-12-08 00:00:00,4000.992076502189,481889176555.6843,21959792763.543846
ETH,2024-12-09 00:00:00,4015.7820212328807,483642898147.5037,20728146237.12733
ETH,2024-12-10 00:00:00,3713.3138979971745,446571271919.9886,59141397866.09827
ETH,2024-12-11 00:00:00,3626.5886417774996,436749626813.98615,63643513993.15369
ETH,2024-12-12 00:00:00,3828.1075883404096,461075934206.2153,38471623681.40909
ETH,2024-12-13 00:00:00,3878.850012073054,466883095805.38696,47474608675.336655
ETH,2024-12-14 00:00:00,3907.4296595053356,470469907671.53613,36218321642.49857
ETH,2024-12-15 00:00:00,3866.9958020348054,465713274663.6432,28647722345.409325
ETH,2024-12-16 00:00:00,3961.3154661802305,477323245356.1555,24816850994.80954
ETH,2024-12-17 00:00:00,3992.857195846062,480940541314.61334,50679799770.94302
ETH,2024-12-18 00:00:00,3879.4062240100893,467508439297.98755,32823036037.584606
ETH,2024-12-19 00:00:00,3628.2624780444953,436893612673.4018,50734709374.83128
ETH,2024-12-20 00:00:00,3434.6754695380805,413858693686.69867,64452959600.863884
ETH,2024-12-21 00:00:00,3468.658920056454,417562064054.3703,72936574193.4554
ETH,2024-12-22 00:00:00,3337.5972231166807,401314595520.45166,32479699770.041058
ETH,2024-12-23 00:00:00,3275.8894274015142,394984656581.5222,25811397925.979923
ETH,2024-12-24 00:00:00,3414.6414419807993,411423031050.5532,35528067791.09896
ETH,2024-12-25 00:00:00,3497.555287927574,420708095541.6798,24085249644.32143
ETH,2024-12-26 00:00:00,3494.5109273631047,421029544401.6013,17503804977.00058
ETH,2024-12-27 00:00:00,3327.7897761683494,401038436756.22626,21239977785.94795
ETH,2024-12-28 00:00:00,3328.6111553091764,400705550098.4306,24582312087.174118
ETH,2024-12-29 00:00:00,3397.8341205085153,409451576910.996,13861298668.649797
ETH,2024-12-30 00:00:00,3357.330742971463,404459649875.75726,11315432322.371536
ETH,2024-12-31 00:00:00,3359.513941757392,404631151447.3196,27664137021.813133
ETH,2025-01-01 00:00:00,3336.6175137659498,401972899891.29846,21466394178.61746
ETH,2025-01-02 00:00:00,3348.967247123586,403374380145.697,13440599794.35101
ETH,2025-01-03 00:00:00,3448.140436960939,415300548992.1061,22683249623.05199
ETH,2025-01-04 00:00:00,3604.2913795931763,434290507752.4077,22019312215.306797
ETH,2025-01-05 00:00:00,3660.37804173532,441117087325.0027,15951962220.78043
ETH,2025-01-06 00:00:00,3635.8549961807084,438092711283.22925,12542101206.558632
ETH,2025-01-07 00:00:00,3687.1447140588307,444015369643.70074,24440100572.59286
ETH,2025-01-08 00:00:00,3380.0211263090155,406968109533.227,32832589510.813023
ETH,2025-01-09 00:00:00,3325.1300293537356,400602495132.5278,35080974963.72023
ETH,2025-01-10 00:00:00,3219.09284475812,388324291231.471,30096896683.041233
ETH,2025-01-11 00:00:00,3269.1759954060667,394101246876.45374,26722437003.95787
ETH,2025-01-12 00:00:00,3283.591322828503,395839071861.3172,11047744222.743227
ETH,2025-01-13 00:00:00,3264.070968533687,393199349088.32996,9699706283.258541
ETH,2025-01-14 00:00:00,3134.5520394596483,377643507549.0125,41743898872.017
ETH,2025-01-15 00:00:00,3224.8006483414138,388487746270.3852,22365842880.809456
ETH,2025-01-16 00:00:00,3447.0340476747956,415058425772.0614,23773995063.828526
ETH,2025-01-17 00:00:00,3309.4466139900196,398587196539.9218,25012556602.905136
ETH,2025-01-18 00:00:00,3477.284285084809,419024911827.7939,27778832363.7708
ETH,2025-01-19 00:00:00,3309.0995676199964,398761138447.4049,32195594202.134895
ETH,2025-01-20 00:00:00,3208.1365439891497,388676714260.872,59678736709.7496
ETH,2025-01-21 00:00:00,3263.069869880814,393073139255.5516,49563768850.78339
ETH,2025-01-22 00:00:00,3326.0285404709143,400135429379.4123,33762939512.697853
ETH,2025-01-23 00:00:00,3237.2996671291435,390083338462.87006,21782301388.383984
ETH,2025-01-24 00:00:00,3332.580893146162,401547418905.6495,33863218042.431107
ETH,2025-01-25 00:00:00,3311.8499838687,398942774193.46027,25895320216.868122
ETH,2025-01-26 00:00:00,3320.1314101789453,400427749273.5654,12706329663.414034
ETH,2025-01-27 00:00:00,3232.2767744705584,390058879989.8578,13000445022.22209
ETH,2025-01-28 00:00:00,3173.5346079397173,382221069555.6103,41151086046.07612
ETH,2025-01-29 00:00:00,3076.4937692857234,370532757630.7433,19807794444.483303
ETH,2025-01-30 00:00:00,3114.4358854363104,375574817164.75665,22051422147.78046
ETH,2025-01-31 00:00:00,3248.249484352305,391509879851.78656,19504592311.356525
ETH,2025-02-01 00:00:00,3296.390634843652,396910231325.1062,31441846706.254246
ETH,2025-02-02 00:00:00,3125.0386801320924,376840076476.98303,18969060074.552986
ETH,2025-02-03 00:00:00,2862.6976188716285,344091054313.7205,38896518795.21238
ETH,2025-02-04 00:00:00,2877.8138239498767,346820394641.11206,96588727629.45805
ETH,2025-02-05 00:00:00,2740.3809762760143,329090090858.6241,52737830809.63367
ETH,2025-02-06 00:00:00,2790.5521609256075,335828291113.4543,30026391038.27177
ETH,2025-02-07 00:00:00,2686.662316793651,323756512126.7498,31349967107.97825
ETH,2025-02-08 00:00:00,2623.4507017824767,315636240722.9841,30948837988.08186
ETH,2025-02-09 00:00:00,2635.6011418023404,317758860998.56256,16335613332.591795
ETH,2025-02-10 00:00:00,2632.5358220552475,317369673472.60657,17155535243.908037
ETH,2025-02-11 00:00:00,2660.2967996436387,320711545303.1932,18843420567.42921
ETH,2025-02-12 00:00:00,2603.0333698049267,313943237177.0695,21212910085.211273
ETH,2025-02-13 00:00:00,2736.2703136032396,329492522913.44,26503660438.845695
ETH,2025-02-14 00:00:00,2675.7090007037627,322584072350.2765,18938191215.29619
ETH,2025-02-15 00:00:00,2724.6698335873957,328399065363.05505,17416785872.704834
ETH,2025-02-16 00:00:00,2692.8213863864253,324625278431.52954,8896321414.559013
ETH,2025-02-17 00:00:00,2659.9017474093457,320529173059.00665,8757895115.47748
ETH,2025-02-18 00:00:00,2741.9050800956124,330464530098.92377,24666373348.432693
ETH,2025-02-19 00:00:00,2669.4945006896073,321688672383.7524,24353300611.506603
ETH,2025-02-20 00:00:00,2714.8018364720533,327248168186.7616,13398586820.912325
ETH,2025-02-21 00:00:00,2741.5933625994785,330517520397.0965,14550027648.522171
ETH,2025-02-22 00:00:00,2658.3470942919384,320508273451.5576,31770375573.3895
ETH,2025-02-23 00:00:00,2764.355233404291,333381856893.82196,17576653979.14654
ETH,2025-02-24 00:00:00,2827.1844084879804,340712999974.1412,21394599890.269897
ETH,2025-02-25 00:00:00,2503.103420098605,301769340440.05,31014455208.756138
ETH,2025-02-26 00:00:00,2495.315451693047,301064649480.5458,42875934003.323944
ETH,2025-02-27 00:00:00,2325.853934699374,280668025121.2334,28109120496.698666
ETH,2025-02-28 00:00:00,2305.3229378029837,277936135130.74036,89259450649.58
ETH,2025-03-01 00:00:00,2235.204208608959,269516471615.1616,32905594283.00643
ETH,2025-03-02 00:00:00,2212.8243514969954,266823935338.2421,16103021679.018568
ETH,2025-03-03 00:00:00,2517.3382391622977,303306117779.7704,37907412347.33495
ETH,2025-03-04 00:00:00,2148.199533470228,259111889993.75626,33501080617.480988
ETH,2025-03-05 00:00:00,2171.496943535016,261805780842.5489,35524086282.76523
ETH,2025-03-06 00:00:00,2241.3841149187283,270490243838.00568,22236307931.758247
ETH,2025-03-07 00:00:00,2202.3207363495417,265270135615.0983,19895800679.328133
ETH,2025-03-08 00:00:00,2140.7498089428914,257899503839.8083,21716710066.08888
ETH,2025-03-09 00:00:00,2199.9995000805707,265129957012.69815,11257666715.795546
ETH,2025-03-10 00:00:00,2017.265460184326,243298514477.01385,17577023963.685375
ETH,2025-03-11 00:00:00,1879.1231054991026,226713493940.29108,36577317615.21765
ETH,2025-03-12 00:00:00,1921.3099227587034,232024934655.6445,30046602111.893852
ETH,2025-03-13 00:00:00,1910.6551381032464,230443739229.907,24499314730.70381
ETH,2025-03-14 00:00:00,1862.7949366490388,224658866951.8703,19212414462.181553
ETH,2025-03-15 00:00:00,1910.6662703455045,230476916425.01935,12949972214.265629
ETH,2025-03-16 00:00:00,1939.7856881721348,233970291611.3664,6944891086.050841
ETH,2025-03-17 00:00:00,1887.7643429692785,227688957214.28125,9486242392.181334
ETH,2025-03-18 00:00:00,1929.1833577618722,232725366276.39935,11251166846.249075
ETH,2025-03-19 00:00:00,1932.7964059050657,233152161415.72287,10887619567.393353
ETH,2025-03-20 00:00:00,2060.728601068271,248434080718.19073,20374739988.65224
ETH,2025-03-21 00:00:00,1980.831780524645,238984217654.16632,14303790085.616615
ETH,2025-03-22 00:00:00,1964.5293833168294,236980043535.89395,9890112887.282015
ETH,2025-03-23 00:00:00,1979.5449257665966,238753335160.5841,6195605844.536302
ETH,2025-03-24 00:00:00,2001.0470230951883,241404254258.0785,7991413702.677865
ETH,2025-03-25 00:00:00,2077.739325831977,250648654235.6259,15676451247.546822
ETH,2025-03-26 00:00:00,2068.598435049149,249404519198.06433,12563169733.005245
ETH,2025-03-27 00:00:00,2009.8835432902426,242347645799.6622,14024859854.906677
ETH,2025-03-28 00:00:00,2003.3034241292064,241580699763.4796,12136188059.422693
ETH,2025-03-29 00:00:00,1896.9173600459985,228784244898.24844,18419487648.39739
ETH,2025-03-30 00:00:00,1829.2745211803463,220262156018.88525,12924117064.878807
ETH,2025-03-31 00:00:00,1805.3378779435934,217784813538.97607,10056531345.160347
ETH,2025-04-01 00:00:00,1824.2071367609847,219908040559.44638,17022367813.88877
ETH,2025-04-02 00:00:00,1907.1671522994227,230031614721.63394,15899367803.5509
ETH,2025-04-03 00:00:00,1795.761850567479,216667567217.00522,23450470660.978283
ETH,2025-04-04 00:00:00,1818.2844199542053,219762279056.2319,16999031833.158594
ETH,2025-04-05 00:00:00,1814.4807753449506,218925876283.93597,19459233591.298603
ETH,2025-04-06 00:00:00,1809.935827172196,217957146409.9286,6780827627.545529
ETH,2025-04-07 00:00:00,1574.6321611455576,190295586491.21872,23485484227.161697
ETH,2025-04-08 00:00:00,1555.909812570873,188565143892.71408,49416724296.56089
ETH,2025-04-09 00:00:00,1471.3608854365523,177496121145.5316,22451028357.384758
ETH,2025-04-10 00:00:00,1662.5331604641576,200623016236.85327,41589589714.84994
ETH,2025-04-11 00:00:00,1523.928624242526,183947227079.42554,20486375929.10568
ETH,2025-04-12 00:00:00,1568.131690125936,189185664203.6754,14195085224.783228
ETH,2025-04-13 00:00:00,1645.8625733156498,198696438258.60336,11756571644.476357
ETH,2025-04-14 00:00:00,1595.4227460001084,192382635779.77805,13775001676.60885
ETH,2025-04-15 00:00:00,1621.543195596693,195686083638.74744,15415724739.820591
ETH,2025-04-16 00:00:00,1587.8222244021401,191837036865.40186,11786525215.180002
ETH,2025-04-17 00:00:00,1577.7073516760117,190419833063.11868,13120084885.866234
ETH,2025-04-18 00:00:00,1583.4764497002345,191135638825.23685,9437178720.867388
ETH,2025-04-19 00:00:00,1589.1516208270755,191865697060.91525,5254078676.877919
ETH,2025-04-20 00:00:00,1615.0502549158562,194945047366.35382,5148626529.402773
ETH,2025-04-21 00:00:00,1585.4600253443446,191374869502.39386,6695768150.024456
ETH,2025-04-22 00:00:00,1577.4465595922347,190376888818.46906,15275062279.387148
ETH,2025-04-23 00:00:00,1759.7064599311093,212582611840.14056,24271980430.95098
ETH,2025-04-24 00:00:00,1793.969849485534,216572719914.54987,22099177230.61867
ETH,2025-04-25 00:00:00,1769.3925107354407,213593284213.58224,12923295609.972548
ETH,2025-04-26 00:00:00,1788.7981804331257,215954892518.00418,15656748328.784924
ETH,2025-04-27 00:00:00,1821.2695303291391,219830529458.7114,10293614895.776522
ETH,2025-04-28 00:00:00,1793.6918440730135,216533502206.27112,9632458065.106846
ETH,2025-04-29 00:00:00,1799.50191449199,217264115049.6792,16777384305.88931
ETH,2025-04-30 00:00:00,1796.9720456768928,216596941729.71945,13994558644.11867
ETH,2025-05-01 00:00:00,1794.0495408617828,216623334477.08453,13644627083.285889
ETH,2025-05-02 00:00:00,1838.8543285925753,221969602979.55032,14310565589.052694
ETH,2025-05-03 00:00:00,1841.427590836958,222269022299.2824,11686301446.49476
ETH,2025-05-04 00:00:00,1834.501911876416,221494950784.02625,6704990478.824657
ETH,2025-05-05 00:00:00,1808.156093844096,218216268630.8664,7479845748.828526
ETH,2025-05-06 00:00:00,1820.0044598893596,219769896301.20087,10545233503.347864
ETH,2025-05-07 00:00:00,1816.1686943818438,219305875804.55966,11950393736.527246
ETH,2025-05-08 00:00:00,1810.3169269284476,218569578701.42172,47111217119.49919
ETH,2025-05-09 00:00:00,2197.5611893238784,264994998215.9445,35992825075.05399
ETH,2025-05-10 00:00:00,2341.407963002621,282636716534.08844,44566779461.54657
ETH,2025-05-11 00:00:00,2583.6829051429513,312095621694.1442,29947910159.02891
ETH,2025-05-12 00:00:00,2507.4693107597423,302727255563.5134,26138286410.23315
ETH,2025-05-13 00:00:00,2492.426391077375,300976824863.0343,31524626114.978752
ETH,2025-05-14 00:00:00,2676.639163127913,322977150438.36176,32279895881.637806
ETH,2025-05-15 00:00:00,2603.7180887199615,314022060127.0501,28150234190.931705
ETH,2025-05-16 00:00:00,2542.296692466797,306933361055.9317,26211434557.7159
ETH,2025-05-17 00:00:00,2544.3870377235667,307619694635.7725,21130441534.96637
ETH,2025-05-18 00:00:00,2475.0543933696913,298789831687.0011,17185510890.702347
ETH,2025-05-19 00:00:00,2465.3409856139087,296863390804.2497,24797434472.364086
ETH,2025-05-20 00:00:00,2526.989643891319,305077067863.0779,25363871274.82505
ETH,2025-05-21 00:00:00,2524.2743433146065,304737250158.37354,22871462735.416794
ETH,2025-05-22 00:00:00,2558.9502343769486,308934701949.7151,32697477527.54695
ETH,2025-05-23 00:00:00,2657.1674447566115,320733890913.39886,29592612076.505535
ETH,2025-05-24 00:00:00,2519.813809045145,304038733414.03973,30047329191.503662
ETH,2025-05-25 00:00:00,2529.4429842284353,305369227833.4215,10744994421.192684
ETH,2025-05-26 00:00:00,2546.6201163370915,307423642894.0653,13814697849.726278
ETH,2025-05-27 00:00:00,2562.1729286392238,309319360637.78375,13350148034.293623
ETH,2025-05-28 00:00:00,2662.0940568241435,321357595434.52185,26434151855.253853
ETH,2025-05-29 00:00:00,2676.2674124507,323119009777.13904,18008588586.284103
ETH,2025-05-30 00:00:00,2633.1392065286695,317891224562.8813,27021441335.5195
ETH,2025-05-31 00:00:00,2524.4762348050726,304659964725.2192,22927149330.30469
ETH,2025-06-01 00:00:00,2532.3627853090866,305718505778.76434,13006751258.18768
ETH,2025-06-02 00:00:00,2538.3300584367485,306561765778.2403,11338340571.11249
ETH,2025-06-03 00:00:00,2609.737253959435,314999579353.95825,15623967732.418657
ETH,2025-06-04 00:00:00,2595.4689570062997,313315832347.0171,15955008730.338179
ETH,2025-06-05 00:00:00,2610.343189828259,315159803382.89014,16809606446.176416
ETH,2025-06-06 00:00:00,2421.601103763502,292341916400.9464,25849573159.64817
ETH,2025-06-07 00:00:00,2481.4039836690267,299560106673.7574,18395107930.47655
ETH,2025-06-08 00:00:00,2526.291995889778,304953508465.0457,9535426814.691927
ETH,2025-06-09 00:00:00,2508.784123584585,302870081038.261,10206893115.537256
ETH,2025-06-10 00:00:00,2685.0001850413178,324315565109.11993,19485734665.28548
ETH,2025-06-11 00:00:00,2808.503208314919,339012253954.4242,38281210143.95115
ETH,2025-06-12 00:00:00,2776.1371915822333,334990282503.402,27369030837.548595
ETH,2025-06-13 00:00:00,2653.158968452672,320595535562.5316,26068993569.969894
ETH,2025-06-14 00:00:00,2577.04861752583,311111352117.7261,38576471746.00814
ETH,2025-06-15 00:00:00,2534.0702195359518,306048481935.1591,12077031034.291521
ETH,2025-06-16 00:00:00,2547.8456040920437,307537228689.2678,11678912429.510712
ETH,2025-06-17 00:00:00,2561.329843569428,309982828015.90594,24222149649.172424
ETH,2025-06-18 00:00:00,2514.986700576147,303697873489.69434,25926506708.040215
ETH,2025-06-19 00:00:00,2521.3334233964915,304290652058.44,17800721253.243202
ETH,2025-06-20 00:00:00,2522.1791903642184,304481216643.1207,10392473841.155851
ETH,2025-06-21 00:00:00,2405.695434213183,290401843920.2328,20482816663.29469
ETH,2025-06-22 00:00:00,2270.581996055585,273839538572.25955,16155611764.84833
ETH,2025-06-23 00:00:00,2227.4287266371684,268777741291.43988,28181442532.315876
ETH,2025-06-24 00:00:00,2423.899644268608,292612668627.3885,25494295400.420887
ETH,2025-06-25 00:00:00,2446.539301545049,295402538889.65454,19669025068.963604
ETH,2025-06-26 00:00:00,2417.2267855277296,291827501114.87933,15513055665.262428
ETH,2025-06-27 00:00:00,2415.031864876594,291547094716.2168,16271811388.723804
ETH,2025-06-28 00:00:00,2423.0302896731746,292419308271.8665,13100825617.816572
ETH,2025-06-29 00:00:00,2437.133001780241,294208600645.2538,5787313890.541637
ETH,2025-06-30 00:00:00,2502.6672721177083,302158279316.21674,10236257918.833096
ETH,2025-07-01 00:00:00,2488.190781689803,300388851494.49866,16306915984.938057
ETH,2025-07-02 00:00:00,2405.1045592800183,290294455719.4809,12933967031.524443
ETH,2025-07-03 00:00:00,2574.067718495133,310930535640.4307,21862573614.17975
ETH,2025-07-04 00:00:00,2590.132231590221,312621047413.045,19823369642.62606
ETH,2025-07-05 00:00:00,2509.236345783362,302827514359.61035,16377116416.187033
ETH,2025-07-06 00:00:00,2517.37917835065,304028836772.5733,6801276942.284494
ETH,2025-07-07 00:00:00,2571.358192115984,310345645222.7514,9051659015.949968
ETH,2025-07-08 00:00:00,2543.6317028067488,307013209348.5054,15947822897.049152
ETH,2025-07-09 00:00:00,2615.7759888945047,315738597830.34283,14750377128.581295
ETH,2025-07-10 00:00:00,2772.5795626609174,335050165487.70404,26626246774.244656
ETH,2025-07-11 00:00:00,2948.4462027029053,355346738000.49475,39308824585.23128
ETH,2025-07-12 00:00:00,2958.8514450990992,357144054434.9151,42455550664.554665
ETH,2025-07-13 00:00:00,2942.9616055388096,355216449018.5163,17472135946.60354
ETH,2025-07-14 00:00:00,2974.2654952333387,359110100026.3572,18605172049.087772
ETH,2025-07-15 00:00:00,3012.1797069059276,363606274489.50854,41336421998.04408
ETH,2025-07-16 00:00:00,3133.069857747011,378233206915.81635,43416230283.76601
ETH,2025-07-17 00:00:00,3368.126521526108,406599729410.5382,54882159731.0286
ETH,2025-07-18 00:00:00,3481.8828152374017,420347293649.25085,45678965280.66659
ETH,2025-07-19 00:00:00,3547.317079001209,427841866746.5711,72535524453.98022
ETH,2025-07-20 00:00:00,3594.3185010809702,433877664505.94135,27017909119.384834
ETH,2025-07-21 00:00:00,3758.605581813957,453825859015.21515,55175056732.09093
ETH,2025-07-22 00:00:00,3765.453624023574,454513156113.6638,47245582310.60992
ETH,2025-07-23 00:00:00,3746.9406687316323,452355960897.77356,52357062545.19388
ETH,2025-07-24 00:00:00,3630.053531480921,438111570682.8548,47655045407.89862
ETH,2025-07-25 00:00:00,3708.4299352383423,447620332487.87305,47332291813.01175
ETH,2025-07-26 00:00:00,3723.0529092785596,449379722345.43585,48622472830.12327
ETH,2025-07-27 00:00:00,3742.4314258659915,451746443518.379,25352434514.72998
ETH,2025-07-28 00:00:00,3864.1248374654765,466077664312.2753,26045280361.31318
ETH,2025-07-29 00:00:00,3786.303845995956,457680388920.6686,38743589826.42135
ETH,2025-07-30 00:00:00,3788.5983716058226,457213828532.1186,34923369443.87463
ETH,2025-07-31 00:00:00,3807.4166010824188,459449027043.4022,28710848449.745983
ETH,2025-08-01 00:00:00,3696.6628530851194,446264222707.4442,31312115686.896267
ETH,2025-08-02 00:00:00,3483.1789551579504,420327732498.14484,42431734230.15089
ETH,2025-08-03 00:00:00,3397.4855484143177,410229849339.571,28164675444.895985
ETH,2025-08-04 00:00:00,3497.573127822404,422223994717.4719,18338718249.174084
ETH,2025-08-05 00:00:00,3715.7090148550706,448517239894.4303,28536476594.95387
ETH,2025-08-06 00:00:00,3612.442432236669,436373875222.1905,29411744198.367584
ETH,2025-08-07 00:00:00,3684.0459195726726,444737780081.9074,23256150904.877857
ETH,2025-08-08 00:00:00,3911.2609462690816,471838906504.6792,31981627910.70641
ETH,2025-08-09 00:00:00,4012.97697001236,484483868122.1773,37861934037.3479
ETH,2025-08-10 00:00:00,4265.563258333516,514414914903.2612,37686735734.66866
ETH,2025-08-11 00:00:00,4253.591618951185,513073639261.6181,26481154882.304214
ETH,2025-08-12 00:00:00,4228.824213261163,510225780028.6237,43010572110.88258
ETH,2025-08-13 00:00:00,4606.809427709522,556502855391.5187,52840297700.59488
ETH,2025-08-14 00:00:00,4763.652535322159,575091067506.1215,58870844448.59354
ETH,2025-08-15 00:00:00,4554.291501538621,551514703070.4648,66924319529.18441
ETH,2025-08-16 00:00:00,4430.532465017841,534578587192.13434,50038927770.639565
ETH,2025-08-17 00:00:00,4426.826913311333,534150282399.6513,21104759591.061535
ETH,2025-08-18 00:00:00,4487.118013759226,541923097741.9142,28100356151.382523
ETH,2025-08-19 00:00:00,4317.2757573282315,520793172158.0575,43935703176.22011
ETH,2025-08-20 00:00:00,4074.495786100515,491872355111.46844,41626342123.38552
ETH,2025-08-21 00:00:00,4330.491598768078,523004794309.38104,39857177022.84433
ETH,2025-08-22 00:00:00,4224.438592580698,509951239220.54224,21703206731.83165
ETH,2025-08-23 00:00:00,4829.225541798332,582817007170.4178,61856673933.04883
ETH,2025-08-24 00:00:00,4773.884088598777,576242312916.0488,27814037595.094646
ETH,2025-08-25 00:00:00,4778.10916071381,577227233251.8729,41157770217.98017
ETH,2025-08-26 00:00:00,4381.626176071471,529509245849.7141,48217069690.885376
ETH,2025-08-27 00:00:00,4602.369685333965,555061696726.733,35263906282.176544
ETH,2025-08-28 00:00:00,4500.1451479982325,543608856125.4653,35898825608.295586
ETH,2025-08-29 00:00:00,4507.560431032719,543249516158.12427,29189873860.227936
ETH,2025-08-30 00:00:00,4364.358521430426,526830870964.3115,38006835596.328514
ETH,2025-08-31 00:00:00,4373.360357620914,527539496668.2519,19199178188.100254
ETH,2025-09-01 00:00:00,4388.931464519364,529740073153.04834,22269795530.723904
ETH,2025-09-02 00:00:00,4303.202222745541,519534784996.7176,31725195638.84437
ETH,2025-09-03 00:00:00,4325.856306225941,521450862214.85895,32990260980.341236
ETH,2025-09-04 00:00:00,4449.8670977283255,537549763927.1384,30818352470.84173
ETH,2025-09-05 00:00:00,4298.094660544595,519319443328.1493,29893273380.076374
ETH,2025-09-06 00:00:00,4306.613513100346,519830732357.0378,37950930494.82325
ETH,2025-09-06 06:31:03,4301.8855520457355,519237821862.6338,35886434320.527245
XRP,2024-09-07 00:00:00,0.5213130558804894,29371557075.01245,1723136656.842356
XRP,2024-09-08 00:00:00,0.5247980291815724,29548526637.092266,587212770.4091364
XRP,2024-09-09 00:00:00,0.5285291709201617,29774154782.962955,521287660.7729989
XRP,2024-09-10 00:00:00,0.5396089614101646,30395333618.446358,904225267.2384489
XRP,2024-09-11 00:00:00,0.5409989520278039,30471929007.34304,785524580.6774228
XRP,2024-09-12 00:00:00,0.5355035586141155,30175701058.586052,1003832742.0187716
XRP,2024-09-13 00:00:00,0.5625110835184267,31713263515.45175,1755892728.7051384
XRP,2024-09-14 00:00:00,0.5731586762437418,32316749262.834507,1315658124.0994296
XRP,2024-09-15 00:00:00,0.5963129007980363,33606464240.420605,1221362269.0817983
XRP,2024-09-16 00:00:00,0.5710582563848365,32178771098.00021,727164005.125297
XRP,2024-09-17 00:00:00,0.5855052549961755,33045852897.93933,1373012324.854466
XRP,2024-09-18 00:00:00,0.5849889783458981,32985201750.25279,1080504462.4947681
XRP,2024-09-19 00:00:00,0.5854354281725553,32970524763.027065,1301476892.0261323
XRP,2024-09-20 00:00:00,0.5874083871859748,33147629638.33711,1303901084.522276
XRP,2024-09-21 00:00:00,0.5849389522523643,33011549162.039215,1403359787.9714298
XRP,2024-09-22 00:00:00,0.5979982229214985,33764665008.627327,1078170702.8553727
XRP,2024-09-23 00:00:00,0.5879476818374326,33168320660.640076,992887707.356122
XRP,2024-09-24 00:00:00,0.585063893554206,33022282573.37144,1121279489.7439432
XRP,2024-09-25 00:00:00,0.5914408518035444,33380934130.37941,1227141705.7935853
XRP,2024-09-26 00:00:00,0.5838949675172452,32965388380.210888,1184864675.7010186
XRP,2024-09-27 00:00:00,0.590001948405351,33338294387.037434,1320296148.7263632
XRP,2024-09-28 00:00:00,0.5891149844820397,33329346797.44249,1401603759.7256885
XRP,2024-09-29 00:00:00,0.6150093639492326,34786926383.63196,2770313435.4847174
XRP,2024-09-30 00:00:00,0.6425919277698904,36340530782.95552,2594472533.021398
XRP,2024-10-01 00:00:00,0.6119339379239672,34688823292.79782,2572233994.51974
XRP,2024-10-02 00:00:00,0.5974675047314544,33843017507.639935,3132237056.7574463
XRP,2024-10-03 00:00:00,0.5388310673967639,30482283203.95177,2854956361.2907157
XRP,2024-10-04 00:00:00,0.5216590897682057,29492016906.451572,2514792835.7085347
XRP,2024-10-05 00:00:00,0.5347464951856385,30241736953.735302,1756699967.6584756
XRP,2024-10-06 00:00:00,0.529571423116506,29950127382.310875,704787690.747097
XRP,2024-10-07 00:00:00,0.5331799843165047,30163957726.921448,661126866.850374
XRP,2024-10-08 00:00:00,0.5298164990025274,29991350948.888397,1457223446.3666434
XRP,2024-10-09 00:00:00,0.5304632864784646,30047537648.119553,981211616.0414958
XRP,2024-10-10 00:00:00,0.5241586802763855,29716396937.686356,988344201.3982462
XRP,2024-10-11 00:00:00,0.5296651744741632,29991523628.326267,1432557077.6123195
XRP,2024-10-12 00:00:00,0.5383034205225485,30490054705.50027,1190815208.1062524
XRP,2024-10-13 00:00:00,0.5395284850689778,30564659258.72339,645446626.8989004
XRP,2024-10-14 00:00:00,0.5316807964040682,30100697508.467445,722573856.9859535
XRP,2024-10-15 00:00:00,0.5476009966197044,31002265585.27816,1242900975.6585948
XRP,2024-10-16 00:00:00,0.5409632993649031,30629081825.39223,1367435532.1191251
XRP,2024-10-17 00:00:00,0.5479583804429464,31018277725.845608,1323767637.0882344
XRP,2024-10-18 00:00:00,0.5437042949601256,30820760554.066605,1540201676.826673
XRP,2024-10-19 00:00:00,0.5465644502575023,31001905885.914104,1179631857.7752745
XRP,2024-10-20 00:00:00,0.5443283945989427,30867246079.877224,607926219.2223777
XRP,2024-10-21 00:00:00,0.5465831979073458,30973256934.50095,716137205.8632469
XRP,2024-10-22 00:00:00,0.5445056512310072,30875972291.16193,1687139598.4189222
XRP,2024-10-23 00:00:00,0.5335396650481757,30253863576.152824,1413784341.5111709
XRP,2024-10-24 00:00:00,0.5258264655883778,29817145765.75719,1131889382.0732894
XRP,2024-10-25 00:00:00,0.5320282424020402,30184555551.536434,1105162964.2092311
XRP,2024-10-26 00:00:00,0.500895433917532,28440409038.961575,1539105236.2092319
XRP,2024-10-27 00:00:00,0.5124799627206477,29112702064.221813,746298139.3435653
XRP,2024-10-28 00:00:00,0.51635641669338,29334461123.41089,515723360.5019684
XRP,2024-10-29 00:00:00,0.5191002715669417,29485957976.542343,883022544.7410569
XRP,2024-10-30 00:00:00,0.528517656350638,29961006346.77696,1258508083.114544
XRP,2024-10-31 00:00:00,0.5226520345867254,29701886227.67498,981528954.6185482
XRP,2024-11-01 00:00:00,0.5091122552105335,28963392418.661438,1131354676.4350793
XRP,2024-11-02 00:00:00,0.5131424762844533,29166533751.235336,1355947931.230893
XRP,2024-11-03 00:00:00,0.5097643435439516,28985111559.766685,498091504.1066253
XRP,2024-11-04 00:00:00,0.5030000429314513,28618008472.118652,949812735.3091639
XRP,2024-11-05 00:00:00,0.5028741495746917,28588507586.622833,1127632654.5137217
XRP,2024-11-06 00:00:00,0.5128033591125852,29164852946.820103,1210224258.0575829
XRP,2024-11-07 00:00:00,0.5424824356184882,30863600008.502956,2317119597.7454667
XRP,2024-11-08 00:00:00,0.5543554525216197,31525433833.759197,2234023598.9642086
XRP,2024-11-09 00:00:00,0.5540941347726905,31512175151.99012,1737713572.24308
XRP,2024-11-10 00:00:00,0.5574298820177034,31836113890.61354,1440484763.4288023
XRP,2024-11-11 00:00:00,0.5894389337521334,33489525846.208927,4261955471.851764
XRP,2024-11-12 00:00:00,0.6193846945256621,35253524705.02781,4422503003.126635
XRP,2024-11-13 00:00:00,0.7125696384831737,40525483376.80065,12912751557.030237
XRP,2024-11-14 00:00:00,0.6911785818007724,39323944238.49297,7120857884.644116
XRP,2024-11-15 00:00:00,0.7740480569596668,43890734442.8388,10551122422.101799
XRP,2024-11-16 00:00:00,0.8907551084456163,50684897337.31935,13116899767.153698
XRP,2024-11-17 00:00:00,1.1228963632747573,63977542700.94049,25751173599.94672
XRP,2024-11-18 00:00:00,1.0602237280952598,60359853822.81238,13225025169.216898
XRP,2024-11-19 00:00:00,1.1193660942144246,63688503912.77327,10836262760.734638
XRP,2024-11-20 00:00:00,1.1012126123074732,62700374445.7609,5476363653.953676
XRP,2024-11-21 00:00:00,1.107063129231089,63050379292.97722,7141998955.816309
XRP,2024-11-22 00:00:00,1.2323909552423495,69932142127.89014,11144862558.116425
XRP,2024-11-23 00:00:00,1.4608507832127549,83112386522.4217,17433244692.12234
XRP,2024-11-24 00:00:00,1.4647330527827664,83300744233.09833,17125117613.056425
XRP,2024-11-25 00:00:00,1.4316792853395408,81614292718.7067,13367222473.504513
XRP,2024-11-26 00:00:00,1.413864313999175,80506265953.6803,12629382786.491205
XRP,2024-11-27 00:00:00,1.3995450660087485,79759951140.23747,10442232771.880827
XRP,2024-11-28 00:00:00,1.4723732146032762,83883091379.35777,8681413551.471949
XRP,2024-11-29 00:00:00,1.5321753824792639,87107084090.89493,6394089240.385964
XRP,2024-11-30 00:00:00,1.8089606822663937,103191548907.76518,14120989557.306025
XRP,2024-12-01 00:00:00,1.9394127481300492,110604358349.34161,18118226774.28636
XRP,2024-12-02 00:00:00,2.286339588570724,130208395250.7976,18435365983.17054
XRP,2024-12-03 00:00:00,2.7088474745217135,154571837988.4362,53820003124.51403
XRP,2024-12-04 00:00:00,2.5319240970814882,144192803084.12503,37957094663.228096
XRP,2024-12-05 00:00:00,2.3476333135494314,133851646266.63329,24079777836.582573
XRP,2024-12-06 00:00:00,2.254523485462072,128679678709.415,22923661364.318054
XRP,2024-12-07 00:00:00,2.4172260514832065,137876201991.56064,12689093602.056667
XRP,2024-12-08 00:00:00,2.5927269695998327,148089387443.7888,13898192078.521193
XRP,2024-12-09 00:00:00,2.6181421664576834,149556382944.37164,10399952121.56792
XRP,2024-12-10 00:00:00,2.2158470487122726,126541301099.97853,20516080397.568897
XRP,2024-12-11 00:00:00,2.353484807585262,134366804425.19778,29173861101.339516
XRP,2024-12-12 00:00:00,2.4008764282936887,137137516260.63844,15899075206.770046
XRP,2024-12-13 00:00:00,2.342883102571944,134039705285.1272,11764450479.740368
XRP,2024-12-14 00:00:00,2.420254114567228,138341252309.82007,10210708750.872633
XRP,2024-12-15 00:00:00,2.3977637797048517,137201303559.24551,8261437423.651819
XRP,2024-12-16 00:00:00,2.4558394900030756,140694946111.10138,6560100595.864213
XRP,2024-12-17 00:00:00,2.4936338652184777,142688879208.51086,13981664984.767004
XRP,2024-12-18 00:00:00,2.5561912510090092,146207554966.0596,14678437514.774538
XRP,2024-12-19 00:00:00,2.2976668809594236,131273275335.39302,19736815651.813995
XRP,2024-12-20 00:00:00,2.255279457563669,129714340650.10556,21062431962.10383
XRP,2024-12-21 00:00:00,2.273996883525255,129981103119.06401,24697654647.91057
XRP,2024-12-22 00:00:00,2.236596962769888,127675851842.47113,13839484154.079449
XRP,2024-12-23 00:00:00,2.1983060900755347,126002620224.90738,10514832661.665255
XRP,2024-12-24 00:00:00,2.2548840492056637,129118625050.65549,9514499269.525232
XRP,2024-12-25 00:00:00,2.3273593261078007,133008444957.98181,5432535821.124748
XRP,2024-12-26 00:00:00,2.2971897897775637,131574173973.22885,3322151976.469681
XRP,2024-12-27 00:00:00,2.154071423410433,123818838011.45384,4873873373.23111
XRP,2024-12-28 00:00:00,2.14158677198617,122935306457.48709,4902016228.946082
XRP,2024-12-29 00:00:00,2.180869510101245,125229822421.2995,2525595970.0449395
XRP,2024-12-30 00:00:00,2.095671915727654,120314515334.02428,2675953522.389836
XRP,2024-12-31 00:00:00,2.056730467743344,117950842451.00076,6059015353.124691
XRP,2025-01-01 00:00:00,2.079333460354608,119440097047.7968,4128284760.622494
XRP,2025-01-02 00:00:00,2.315149796797427,132989230251.90656,6878704641.749808
XRP,2025-01-03 00:00:00,2.40463192614464,138114900580.5372,7459376387.38519
XRP,2025-01-04 00:00:00,2.4548598712183725,140904684872.33817,5864224741.784014
XRP,2025-01-05 00:00:00,2.4239342995923985,139171492627.42844,4561813417.310058
XRP,2025-01-06 00:00:00,2.403897929295378,138016718840.73596,4325348371.227318
XRP,2025-01-07 00:00:00,2.4191703139906173,138948192568.01584,4601519396.54358
XRP,2025-01-08 00:00:00,2.277173382256464,130820594444.53995,6652119689.816548
XRP,2025-01-09 00:00:00,2.3749601881392275,136415155142.45451,7697257372.31326
XRP,2025-01-10 00:00:00,2.2766790697699415,131013170943.18855,5639756658.075597
XRP,2025-01-11 00:00:00,2.34255697398572,134623347999.18698,4846732925.585662
XRP,2025-01-12 00:00:00,2.5750017025465097,148073207239.45142,6968218335.110517
XRP,2025-01-13 00:00:00,2.506265236852104,143972439143.77383,4880658835.456561
XRP,2025-01-14 00:00:00,2.521790688596697,144973001160.1348,9352507594.244612
XRP,2025-01-15 00:00:00,2.665683799958985,153183275031.40637,7423364604.740665
XRP,2025-01-16 00:00:00,3.1717669545860816,182346998821.3068,23417331296.55123
XRP,2025-01-17 00:00:00,3.2435591355149156,186758698075.1875,24889336467.66615
XRP,2025-01-18 00:00:00,3.3071606262102122,190386076856.00772,13491956428.691526
XRP,2025-01-19 00:00:00,3.2791397325625398,188798080040.87268,10204987556.110008
XRP,2025-01-20 00:00:00,2.9594983276278826,171067792033.8191,13089511624.10229
XRP,2025-01-21 00:00:00,3.0942466604471988,178304533111.39474,18183898272.877342
XRP,2025-01-22 00:00:00,3.17189708695212,182080583719.03888,9483639114.30823
XRP,2025-01-23 00:00:00,3.165211637985352,182211918798.90054,7359947674.323075
XRP,2025-01-24 00:00:00,3.1221750787983638,179846211928.48206,7860588482.871526
XRP,2025-01-25 00:00:00,3.1030936929352904,178687952164.23227,6165183598.347699
XRP,2025-01-26 00:00:00,3.1112088914665423,179333230200.2371,3013156759.4045396
XRP,2025-01-27 00:00:00,3.0173114670832017,174315205302.41763,3093938754.203019
XRP,2025-01-28 00:00:00,3.050802421938607,175549811985.1664,14811833894.587118
XRP,2025-01-29 00:00:00,3.0611147556516607,176293961831.06848,8515976594.593953
XRP,2025-01-30 00:00:00,3.0691756838533526,177065119441.67078,6362709455.940402
XRP,2025-01-31 00:00:00,3.1319365812312867,180743899111.4196,4444654575.269272
XRP,2025-02-01 00:00:00,3.0378089439522897,175326105898.6084,4079932391.7375703
XRP,2025-02-02 00:00:00,2.8808649918084224,166457043070.02295,4285675849.353482
XRP,2025-02-03 00:00:00,2.5701343337873217,147851780048.77136,13660382309.418026
XRP,2025-02-04 00:00:00,2.692671869551836,155372328311.50732,31670736568.02988
XRP,2025-02-05 00:00:00,2.5396358959727894,146391101372.16553,12051077026.669235
XRP,2025-02-06 00:00:00,2.382739358632423,137388137146.75491,6660157683.363499
XRP,2025-02-07 00:00:00,2.3220918869431886,134102194064.824,6304942916.816331
XRP,2025-02-08 00:00:00,2.392435922501591,137991646571.74292,7913782642.824578
XRP,2025-02-09 00:00:00,2.4256391631678023,140105845431.88702,3450039945.4201026
XRP,2025-02-10 00:00:00,2.3984218500627317,138409786399.36917,4110259067.581117
XRP,2025-02-11 00:00:00,2.4205102148292257,139801386331.32983,4147958037.3114934
XRP,2025-02-12 00:00:00,2.415999707081464,139710665798.44403,4814243274.422465
XRP,2025-02-13 00:00:00,2.471858085297504,142635962453.91898,4845109298.913685
XRP,2025-02-14 00:00:00,2.5469915483007073,147228408835.623,4437008065.063592
XRP,2025-02-15 00:00:00,2.7396888464817004,158349869676.88498,7692468675.335378
XRP,2025-02-16 00:00:00,2.761982091436805,159697712640.8593,3946216492.011967
XRP,2025-02-17 00:00:00,2.7251894289423855,157590298702.77087,2966410173.436753
XRP,2025-02-18 00:00:00,2.657177556541445,153528550403.44104,4243544437.8198156
XRP,2025-02-19 00:00:00,2.5598643991689105,147965082000.5594,4627790087.108664
XRP,2025-02-20 00:00:00,2.735199200390807,158268061805.8835,4421689360.016513
XRP,2025-02-21 00:00:00,2.692229831317779,155803376373.91476,3770413761.6316905
XRP,2025-02-22 00:00:00,2.5717797656907977,148872353458.57578,5146660908.7574835
XRP,2025-02-23 00:00:00,2.575864230459674,149186293144.36478,2039899166.1574712
XRP,2025-02-24 00:00:00,2.5798851271909053,149332625214.34015,2072248429.8119543
XRP,2025-02-25 00:00:00,2.276184020826259,131520287326.65497,7132791349.200123
XRP,2025-02-26 00:00:00,2.3223450440589835,134627197923.42966,11111605787.309338
XRP,2025-02-27 00:00:00,2.189561722001525,126766064785.14323,5936591863.896251
XRP,2025-02-28 00:00:00,2.198289525306682,127370369245.55621,4202173606.0705705
XRP,2025-03-01 00:00:00,2.1465990447641925,124392769084.65245,7266804533.901892
XRP,2025-03-02 00:00:00,2.1894731626978965,126879303287.73642,2722347817.663738
XRP,2025-03-03 00:00:00,2.9400745785854188,169870381405.5461,14741402315.716309
XRP,2025-03-04 00:00:00,2.388920229250619,138435194914.58316,12094018756.991077
XRP,2025-03-05 00:00:00,2.457837324155463,142402404085.68878,9500571374.26868
XRP,2025-03-06 00:00:00,2.499863067769013,144939887560.6096,5198767002.65725
XRP,2025-03-07 00:00:00,2.5997307467157778,150505175945.87762,5916822614.47232
XRP,2025-03-08 00:00:00,2.380727791456965,138185297003.6274,8328229777.709091
XRP,2025-03-09 00:00:00,2.3242332249590425,134862079473.84915,3009552907.467017
XRP,2025-03-10 00:00:00,2.1362635270101267,124005386868.27167,5104105960.491239
XRP,2025-03-11 00:00:00,2.029057833175655,118387557436.81892,6907399289.102193
XRP,2025-03-12 00:00:00,2.169350707525431,125957593301.54716,6722860049.514889
XRP,2025-03-13 00:00:00,2.2417249293681443,129987896211.968,5394933491.485324
XRP,2025-03-14 00:00:00,2.2504187411894,130684530591.66603,4700482638.06465
XRP,2025-03-15 00:00:00,2.3564128660327603,136928855738.28758,3738755688.1164246
XRP,2025-03-16 00:00:00,2.392285579817487,138962507103.3046,2903593748.7332563
XRP,2025-03-17 00:00:00,2.3009096388651695,133729450717.8674,3149719385.5106583
XRP,2025-03-18 00:00:00,2.3408005213311123,136034346384.5807,2955610989.2377267
XRP,2025-03-19 00:00:00,2.2893484606821164,133056596229.87404,2950644595.364279
XRP,2025-03-20 00:00:00,2.5520572493716633,148446009880.021,9834502912.85249
XRP,2025-03-21 00:00:00,2.4346891248225995,141749550828.59042,4258912106.63044
XRP,2025-03-22 00:00:00,2.381259233831182,138510356756.64886,3380818952.23797
XRP,2025-03-23 00:00:00,2.3671814913704625,137633684733.8346,1482324406.8968267
XRP,2025-03-24 00:00:00,2.4358937819105337,141666982426.27832,2036803299.3463094
XRP,2025-03-25 00:00:00,2.4467862393977193,142182563236.7044,3267297475.9622283
XRP,2025-03-26 00:00:00,2.4520786954901945,142530870243.74066,2336452138.4735017
XRP,2025-03-27 00:00:00,2.349686594688749,136740698537.37582,2854543228.9574385
XRP,2025-03-28 00:00:00,2.339530083958925,136083790198.2617,2422690506.5141454
XRP,2025-03-29 00:00:00,2.2038347130132383,128190870625.22104,3837465479.151629
XRP,2025-03-30 00:00:00,2.1388622985209467,124469293101.58473,3354267610.3426833
XRP,2025-03-31 00:00:00,2.135945706762188,124324478160.5522,2477465471.988889
XRP,2025-04-01 00:00:00,2.0905159571547878,121557920573.70189,3972610740.3424234
XRP,2025-04-02 00:00:00,2.140991043686336,124525644957.65971,3641319247.188034
XRP,2025-04-03 00:00:00,2.030360837075233,118295307955.43494,5271112203.164092
XRP,2025-04-04 00:00:00,2.0641704630367608,120421038483.8677,4928791386.955327
XRP,2025-04-05 00:00:00,2.1277037304012105,123967383174.98845,4939434201.608915
XRP,2025-04-06 00:00:00,2.148561695180789,124960176668.53568,1897079007.2541249
XRP,2025-04-07 00:00:00,1.9232068608073252,112137731756.69206,5107597669.95859
XRP,2025-04-08 00:00:00,1.8972731944488423,111374044255.21884,11995374383.503767
XRP,2025-04-09 00:00:00,1.791941720267648,104372568049.6828,5812951206.534424
XRP,2025-04-10 00:00:00,2.0504426400353335,119481580828.56442,8269048094.879033
XRP,2025-04-11 00:00:00,1.96981883924698,114817594408.03955,3847540778.0903244
XRP,2025-04-12 00:00:00,2.0237864771088336,118009313254.15909,2990956512.0131035
XRP,2025-04-13 00:00:00,2.156688589695265,125823708133.3325,2972887951.415155
XRP,2025-04-14 00:00:00,2.118179146058531,123493869513.43184,3631412098.056245
XRP,2025-04-15 00:00:00,2.127444298086899,124110719906.46971,2865825696.824176
XRP,2025-04-16 00:00:00,2.087166740701441,121753153315.34601,2529137788.826132
XRP,2025-04-17 00:00:00,2.0835198434155506,121582974416.46419,2975625490.375688
XRP,2025-04-18 00:00:00,2.0677436115822867,120634755808.2574,2069087395.311297
XRP,2025-04-19 00:00:00,2.062691684044618,120498813069.50467,1528702114.8309712
XRP,2025-04-20 00:00:00,2.0855273823856817,121758359729.22354,1198082570.278999
XRP,2025-04-21 00:00:00,2.0747196454629124,121133082660.90799,1454273605.4356875
XRP,2025-04-22 00:00:00,2.0806696781556395,121475020267.02992,2357222891.83461
XRP,2025-04-23 00:00:00,2.221159426695198,129738952495.80452,4117163104.17999
XRP,2025-04-24 00:00:00,2.217823599038466,129639794259.17175,4996062046.359891
XRP,2025-04-25 00:00:00,2.206600349886956,128910293391.45277,4208930304.223753
XRP,2025-04-26 00:00:00,2.1852873809524738,127618810209.93896,3234722208.502314
XRP,2025-04-27 00:00:00,2.1932493737799863,128211658278.5239,2459783783.285445
XRP,2025-04-28 00:00:00,2.2566771719971905,131895374150.1833,3751692488.2109566
XRP,2025-04-29 00:00:00,2.2959679622378415,134250948391.53383,4072974943.4389
XRP,2025-04-30 00:00:00,2.2399407863578777,130723771364.09366,2489793878.0180745
XRP,2025-05-01 00:00:00,2.1934727928877984,128224503927.07297,3252726421.623423
XRP,2025-05-02 00:00:00,2.2143085222346612,129560735707.48988,2155611895.0543213
XRP,2025-05-03 00:00:00,2.2089170454344824,129205378828.50716,1739910937.9821632
XRP,2025-05-04 00:00:00,2.188707355411367,128054986434.6052,1214767487.7877498
XRP,2025-05-05 00:00:00,2.1580623583353407,126191990501.91487,1372805879.5778592
XRP,2025-05-06 00:00:00,2.1371617409153263,125040025715.65521,2194829695.4970164
XRP,2025-05-07 00:00:00,2.1553467775958843,126104946148.98138,2048616981.3491316
XRP,2025-05-08 00:00:00,2.1289110212370352,124559831965.93013,3559099566.438218
XRP,2025-05-09 00:00:00,2.318857034757937,135698075505.87671,4731256282.308641
XRP,2025-05-10 00:00:00,2.34260418658349,137157723819.54608,6008731144.741504
XRP,2025-05-11 00:00:00,2.465515991652043,144193513526.4072,4343182682.254746
XRP,2025-05-12 00:00:00,2.3665185406774456,138618419781.15787,3957902320.317386
XRP,2025-05-13 00:00:00,2.5407166812994824,148849179940.72635,10787624520.70423
XRP,2025-05-14 00:00:00,2.5882656119238727,151577986548.9196,6137110174.707251
XRP,2025-05-15 00:00:00,2.552660064054796,149428679555.88635,4956660171.954109
XRP,2025-05-16 00:00:00,2.3780203600308965,139404660869.70312,5285627666.563696
XRP,2025-05-17 00:00:00,2.387491166631724,139986244266.36224,3668091279.885704
XRP,2025-05-18 00:00:00,2.352615765613394,137901408638.97586,2378581122.524433
XRP,2025-05-19 00:00:00,2.4178990437197814,141620424382.77466,2871045382.6763167
XRP,2025-05-20 00:00:00,2.3808727609208282,139572032487.0291,3326769717.093891
XRP,2025-05-21 00:00:00,2.356578233921423,138242427979.4986,2736702822.998838
XRP,2025-05-22 00:00:00,2.4028996266349396,141104708088.64645,3857208347.067667
XRP,2025-05-23 00:00:00,2.4284164339274192,142497452230.75037,3423292472.9337497
XRP,2025-05-24 00:00:00,2.2991928362328755,135209260273.52768,3803614983.5157166
XRP,2025-05-25 00:00:00,2.3319094660057416,136856085709.11539,1372961335.2188973
XRP,2025-05-26 00:00:00,2.3405861862412927,137358561276.94505,1905275005.1451297
XRP,2025-05-27 00:00:00,2.3082922649115565,135464456690.66678,1661784737.5361876
XRP,2025-05-28 00:00:00,2.3186677687774426,136063470027.7747,2048276738.5749948
XRP,2025-05-29 00:00:00,2.2746048552552507,133537852092.5528,2074053702.379202
XRP,2025-05-30 00:00:00,2.2505538163676135,132132467347.38953,2179459280.652964
XRP,2025-05-31 00:00:00,2.1423194738068942,125892164966.56429,3372833929.9944954
XRP,2025-06-01 00:00:00,2.177000081626197,127925904411.56554,2268132685.3159456
XRP,2025-06-02 00:00:00,2.1802830722675224,128150107940.42342,1521954083.381058
XRP,2025-06-03 00:00:00,2.2004265864927537,129301420887.84296,1856646284.2520795
XRP,2025-06-04 00:00:00,2.2486280245071963,132150735303.62874,2193921747.996483
XRP,2025-06-05 00:00:00,2.202322198067478,129408473711.78876,1714810311.215842
XRP,2025-06-06 00:00:00,2.0970164299223453,123342049733.6962,2893388349.562232
XRP,2025-06-07 00:00:00,2.163852346114403,127281615711.7592,1854390911.9791367
XRP,2025-06-08 00:00:00,2.1779065492597427,128119087930.23564,953843043.4304752
XRP,2025-06-09 00:00:00,2.2629632981656744,133080974653.21156,2297445951.3852534
XRP,2025-06-10 00:00:00,2.321075765224377,136535438437.44032,2774696976.06667
XRP,2025-06-11 00:00:00,2.305016386019404,135601731484.23772,2612062557.9833493
XRP,2025-06-12 00:00:00,2.2701428874939213,133437196298.07864,2624047756.9494534
XRP,2025-06-13 00:00:00,2.1954298391805,129189732814.77596,2202653947.4050665
XRP,2025-06-14 00:00:00,2.148866270593598,126534557978.46504,3949716840.388356
XRP,2025-06-15 00:00:00,2.141891800480294,126263429802.95172,1687489656.576244
XRP,2025-06-16 00:00:00,2.166318490313782,127577707973.1105,1231293467.1767986
XRP,2025-06-17 00:00:00,2.255537416572947,133168717149.84471,4466552529.620607
XRP,2025-06-18 00:00:00,2.1632317759396993,127416681908.18704,3466660612.110638
XRP,2025-06-19 00:00:00,2.1686830671349613,127820962755.39302,2350823381.424604
XRP,2025-06-20 00:00:00,2.166239439916603,127674651295.66653,1450568729.9521883
XRP,2025-06-21 00:00:00,2.1201128146436803,124953533243.95668,2098115334.487172
XRP,2025-06-22 00:00:00,2.044379922195215,120411151497.55313,2305504805.382443
XRP,2025-06-23 00:00:00,2.013512764553698,118672394254.47311,4449887424.63551
XRP,2025-06-24 00:00:00,2.1640075102022664,127539548337.53386,4004307867.6364536
XRP,2025-06-25 00:00:00,2.1890368617248566,129018976028.34126,3119419439.9970093
XRP,2025-06-26 00:00:00,2.1839169388853152,128924835580.36104,2234760744.378113
XRP,2025-06-27 00:00:00,2.105597069865388,124230689777.04051,2569634191.4677787
XRP,2025-06-28 00:00:00,2.140945561649059,126287954127.92236,2600100605.537264
XRP,2025-06-29 00:00:00,2.185743305637095,128959095356.2813,1909072124.1732078
XRP,2025-06-30 00:00:00,2.2080779439640237,130291214168.36028,1320178860.3618104
XRP,2025-07-01 00:00:00,2.2397868943055363,132156902495.55835,3688723731.503887
XRP,2025-07-02 00:00:00,2.171453605552325,128126705578.13293,2782662990.9534025
XRP,2025-07-03 00:00:00,2.234339504341481,131977600025.21939,3660413082.1301646
XRP,2025-07-04 00:00:00,2.2565985381225446,133259962343.86203,3456952710.4009995
XRP,2025-07-05 00:00:00,2.220660517934634,131144534229.89864,1759263909.260319
XRP,2025-07-06 00:00:00,2.2177115630108464,130972769052.7035,898181111.5827129
XRP,2025-07-07 00:00:00,2.2711234551626793,134151998248.59271,2334073292.9256063
XRP,2025-07-08 00:00:00,2.275084085302051,134350852686.02478,3876739211.500435
XRP,2025-07-09 00:00:00,2.3106154308712163,136497008281.73683,2680689161.887867
XRP,2025-07-10 00:00:00,2.405267395272407,142094073894.76715,4432186610.184976
XRP,2025-07-11 00:00:00,2.5456780481070833,150138989600.80466,5263609598.373313
XRP,2025-07-12 00:00:00,2.735777793849028,161862097553.51227,14004307576.909258
XRP,2025-07-13 00:00:00,2.7403085663356155,161796742917.52557,7635333692.640345
XRP,2025-07-14 00:00:00,2.836943449825265,167709014396.6901,6320439963.46504
XRP,2025-07-15 00:00:00,2.954285567242737,174691801800.57703,10642114059.840887
XRP,2025-07-16 00:00:00,2.917723690315136,172608862751.97787,7556524928.072073
XRP,2025-07-17 00:00:00,3.0408154279719146,179784902655.3871,7793207547.31447
XRP,2025-07-18 00:00:00,3.494535310837583,206790617970.8479,19394273607.04806
XRP,2025-07-19 00:00:00,3.417044710420229,202056421574.12247,16031012566.653502
XRP,2025-07-20 00:00:00,3.43091157808989,203036588057.2096,5783505866.425777
XRP,2025-07-21 00:00:00,3.455651421168503,204531521314.64954,7847665162.660737
XRP,2025-07-22 00:00:00,3.55629271011838,210472490159.30972,8362003947.111928
XRP,2025-07-23 00:00:00,3.5512409390828505,210230480631.16995,7908195545.8158
XRP,2025-07-24 00:00:00,3.1784172529582473,188186759786.34775,13257602437.964903
XRP,2025-07-25 00:00:00,3.1443151661109243,185920871104.63107,10402261389.142485
XRP,2025-07-26 00:00:00,3.1383147630505817,185810977838.7848,7590707148.3824
XRP,2025-07-27 00:00:00,3.167241692335099,187641581965.9033,3792391471.850104
XRP,2025-07-28 00:00:00,3.232752992185551,191396539707.53333,4272843726.2721925
XRP,2025-07-29 00:00:00,3.1234939366799126,184768043390.20883,7076691375.932294
XRP,2025-07-30 00:00:00,3.1280707477497427,185283974088.98334,5629285480.992563
XRP,2025-07-31 00:00:00,3.0996192442543777,183489681384.74945,6061881858.858245
XRP,2025-08-01 00:00:00,3.0232512791444304,179326407753.82678,5274343598.404958
XRP,2025-08-02 00:00:00,2.9619031982658726,175651026151.1029,9588289635.150093
XRP,2025-08-03 00:00:00,2.769267387192411,164294692749.69305,6626410931.129626
XRP,2025-08-04 00:00:00,2.9486352217251337,174843464841.0272,4775415471.329626
XRP,2025-08-05 00:00:00,3.0727905982283095,182226168416.1388,5293305246.052242
XRP,2025-08-06 00:00:00,2.9649981287242557,175947744749.02496,4965545788.579667
XRP,2025-08-07 00:00:00,2.992045726720115,177454281208.94727,4082166604.029814
XRP,2025-08-08 00:00:00,3.3154332521736825,196586563136.16388,7757095979.615032
XRP,2025-08-09 00:00:00,3.288160253111489,195118577955.89972,8889928900.443523
XRP,2025-08-10 00:00:00,3.229511537620619,191448306716.0005,4765475379.036455
XRP,2025-08-11 00:00:00,3.1838901988281205,188762634633.81073,4658567865.909019
XRP,2025-08-12 00:00:00,3.1394273590070134,186208442509.3679,7508618703.880955
XRP,2025-08-13 00:00:00,3.26747236546907,193890996169.89874,8587094638.178333
XRP,2025-08-14 00:00:00,3.2866811377117644,194924756464.55508,8018820706.857553
XRP,2025-08-15 00:00:00,3.0872106726905346,183080844696.39935,11518598907.612103
XRP,2025-08-16 00:00:00,3.0773729481839958,182823893074.88736,6586597945.239845
XRP,2025-08-17 00:00:00,3.106969288649059,184537083059.24762,4207383821.7064447
XRP,2025-08-18 00:00:00,3.0953855433967075,183971298108.38446,3486012703.1641827
XRP,2025-08-19 00:00:00,3.060621197547626,181729332172.2824,7891993830.459589
XRP,2025-08-20 00:00:00,2.8587366392387112,170168406125.4961,6736297698.175642
XRP,2025-08-21 00:00:00,2.952309340790555,175556019984.77844,6872631153.732158
XRP,2025-08-22 00:00:00,2.8498230079250755,169235531134.4738,4464611989.418837
XRP,2025-08-23 00:00:00,3.0732747821154365,182799236672.46982,9726315601.629562
XRP,2025-08-24 00:00:00,3.0458254666203546,181178670544.90762,4525709190.859716
XRP,2025-08-25 00:00:00,3.02786808477519,180309158636.47443,6158205320.189804
XRP,2025-08-26 00:00:00,2.862667277824852,170267483807.62628,6677411739.169651
XRP,2025-08-27 00:00:00,3.011834539503525,179142732347.83713,6168659352.468927
XRP,2025-08-28 00:00:00,2.9671217194399038,176555745920.97995,6346605091.344013
XRP,2025-08-29 00:00:00,2.9671844322262273,176531083059.73718,5916089545.532232
XRP,2025-08-30 00:00:00,2.823231531748928,167986912659.00635,7414077139.444236
XRP,2025-08-31 00:00:00,2.8166293700860887,167506975112.97137,3135065485.865118
XRP,2025-09-01 00:00:00,2.776712609891609,165199510162.63672,3175920948.223113
XRP,2025-09-02 00:00:00,2.752094842681695,163668082549.3002,8149612555.21553
XRP,2025-09-03 00:00:00,2.861352340590463,170017343347.65512,7818514399.960052
XRP,2025-09-04 00:00:00,2.8440111306765328,169148418099.79056,4282592689.81749
XRP,2025-09-05 00:00:00,2.797620314598713,166553893839.9241,4435280469.053911
XRP,2025-09-06 00:00:00,2.8160947139230124,167868172838.93118,6440056634.093668
XRP,2025-09-06 06:31:56,2.8151527822071842,167829849125.03793,5983945945.685507
